Monthly Mosquito Count,PRCP,TMAX,TMIN
0,0.0,28.3,18.3
0,0.0,28.9,18.3
0,0.0,29.4,20.6
0,0.0,29.4,9.4
0,0.0,22.8,7.8
0,0.0,26.1,9.4
0,0.0,27.8,15.6
0,0.0,28.9,17.2
0,0.0,28.9,17.2
0,0.0,27.8,16.7
0,2.5,28.3,19.4
0,0.0,28.3,18.3
0,0.0,28.3,16.7
0,0.0,28.3,15.0
0,0.0,29.4,16.1
0,0.0,29.4,16.1
0,0.0,28.9,16.1
0,0.0,29.4,15.0
0,0.0,29.4,16.7
0,0.3,28.9,16.7
0,13.7,30.0,17.2
0,10.2,30.0,19.4
0,0.0,30.0,19.4
0,0.0,28.3,18.9
0,22.4,26.7,19.4
0,0.0,26.1,16.1
0,0.0,29.4,14.4
0,0.0,28.9,16.7
0,0.0,28.9,17.8
0,0.0,29.4,18.9
0,3.3,28.3,19.4
0,0.0,27.2,17.2
0,0.0,30.0,17.2
0,0.0,31.7,19.4
0,1.8,31.7,17.2
0,2.8,28.3,19.4
0,0.0,27.2,20.0
0,0.0,27.8,15.6
0,0.0,27.2,15.6
0,0.0,28.9,15.6
0,0.0,28.9,15.6
0,0.0,27.8,17.2
0,0.0,27.8,17.8
0,0.0,28.3,16.1
0,0.0,27.2,18.9
0,0.0,28.3,17.8
0,0.0,27.2,17.8
0,0.0,30.0,16.7
0,0.0,30.0,19.4
0,0.3,27.8,15.6
0,1.3,30.6,19.4
0,40.6,26.7,19.4
0,27.4,24.4,16.1
0,0.0,22.2,17.8
0,0.0,21.1,12.8
0,0.0,26.1,11.7
0,0.0,27.2,11.7
0,0.0,29.4,16.1
0,9.1,31.1,18.9
0,0.0,29.4,20.0
0,0.0,30.0,20.0
1,1.3,30.6,21.1
1,0.0,31.7,21.1
1,0.0,32.2,20.6
1,0.0,30.6,21.7
1,0.0,31.1,20.6
1,0.0,30.6,20.6
1,0.0,30.6,21.1
1,0.0,30.6,19.4
1,0.0,31.1,21.1
1,0.0,29.4,21.7
1,0.0,32.8,17.8
1,0.0,32.2,21.1
1,0.0,31.1,20.0
1,0.0,31.7,22.2
1,0.0,31.7,21.1
1,6.3,27.8,20.6
1,13.2,30.6,20.6
1,0.0,31.7,20.6
1,5.1,31.7,20.6
1,0.0,31.1,20.0
1,0.0,30.6,18.9
1,0.0,32.2,18.3
1,0.0,32.2,19.4
1,1.3,33.9,21.7
1,0.0,33.9,22.2
1,0.0,33.9,21.7
1,0.0,32.2,23.3
1,41.9,31.1,21.7
1,0.5,29.4,25.0
1,0.0,31.1,25.6
1,0.0,32.2,22.8
2,129.5,25.6,21.7
2,5.1,31.1,20.6
2,0.0,32.2,20.6
2,1.8,31.7,21.1
2,2.5,29.4,22.8
2,40.1,29.4,21.7
2,52.8,30.0,22.2
2,64.8,32.8,21.1
2,7.6,32.2,21.1
2,0.0,33.9,23.9
2,0.0,33.9,22.8
2,0.0,33.9,22.8
2,0.0,32.2,23.3
2,0.0,32.8,23.9
2,0.0,32.8,21.7
2,0.0,31.7,22.8
2,0.0,31.7,21.1
2,0.0,31.7,21.1
2,0.0,30.6,21.1
2,3.0,31.1,23.3
2,2.5,31.1,22.8
2,6.1,30.0,23.3
2,11.7,25.6,22.8
2,81.0,26.7,23.3
2,122.4,28.9,23.3
2,27.9,28.9,23.9
2,2.0,30.0,23.3
2,0.0,32.2,21.1
2,0.0,32.2,22.8
3,0.0,33.3,22.8
3,0.0,33.3,24.4
3,0.0,33.9,23.9
3,0.0,34.4,24.4
3,0.0,33.9,23.3
3,0.0,34.4,23.9
3,0.0,35.0,23.9
3,21.3,34.4,23.9
3,17.8,34.4,23.9
3,5.1,33.9,22.8
3,17.8,32.8,22.8
3,22.1,33.3,23.3
3,22.6,33.3,23.3
3,12.2,32.8,23.9
3,15.5,32.8,22.8
3,44.7,31.1,23.9
3,7.1,30.0,23.3
3,0.0,32.8,23.3
3,0.0,33.9,25.0
3,0.0,35.0,25.6
3,25.4,34.4,23.9
3,16.5,34.4,22.2
3,0.0,33.3,22.8
3,0.0,33.3,23.9
3,0.0,33.3,25.6
3,0.0,33.9,25.0
3,0.0,34.4,25.0
3,0.0,34.4,25.0
3,0.0,34.4,21.7
3,0.0,34.4,25.0
3,0.0,34.4,25.0
2,0.0,33.9,25.6
2,0.0,34.4,25.0
2,0.0,35.0,24.4
2,0.0,33.9,23.3
2,43.2,33.9,23.3
2,66.0,34.4,22.8
2,0.3,32.8,23.9
2,0.0,35.0,26.1
2,0.0,35.0,24.4
2,29.2,33.9,23.9
2,0.8,32.8,24.4
2,28.4,33.9,23.3
2,0.8,33.3,25.0
2,0.0,33.9,25.0
2,0.0,34.4,23.3
2,1.3,33.3,25.0
2,0.0,33.9,25.6
2,3.3,29.4,23.9
2,4.3,33.3,25.0
2,6.1,33.9,24.4
2,22.9,33.9,22.8
2,14.0,33.3,22.8
2,0.3,32.2,22.8
2,0.0,33.3,23.3
2,0.0,32.8,23.3
2,21.1,28.9,24.4
2,33.8,30.0,24.4
2,4.8,31.7,26.1
2,0.0,31.7,24.4
2,0.0,33.9,25.0
2,0.0,33.3,24.4
3,0.0,33.3,24.4
3,0.0,32.2,22.8
3,0.0,32.2,22.2
3,0.0,33.9,23.3
3,0.0,33.3,24.4
3,0.0,33.9,23.9
3,0.0,33.3,23.9
3,0.0,32.8,24.4
3,13.5,32.8,24.4
3,2.5,32.2,24.4
3,0.0,31.7,23.9
3,0.3,32.2,22.8
3,2.0,30.6,23.9
3,12.7,32.2,23.9
3,0.0,31.7,23.9
3,6.9,32.2,22.2
3,0.0,32.2,22.8
3,6.4,31.7,23.9
3,0.5,32.2,23.9
3,7.9,30.6,22.8
3,4.6,30.6,22.8
3,0.5,30.6,22.2
3,0.0,32.2,22.2
3,0.0,32.2,21.7
3,0.0,30.0,20.0
3,7.1,32.8,22.2
3,0.0,32.2,22.2
3,0.5,31.7,22.8
3,0.0,32.2,23.3
3,0.0,33.3,22.8
3,2.3,29.4,24.4
3,15.2,31.7,23.3
3,21.6,32.8,22.8
3,1.3,33.3,22.8
3,0.5,31.1,22.8
3,0.0,31.1,21.7
3,0.3,30.6,22.8
3,0.0,31.1,22.2
3,0.0,30.6,21.7
3,0.0,30.6,19.4
3,0.0,29.4,19.4
3,0.0,30.6,19.4
3,0.0,31.1,21.1
3,5.8,31.1,21.1
3,0.3,30.0,20.0
3,0.0,26.7,21.1
3,0.0,31.7,20.0
3,0.0,30.6,20.6
3,0.0,27.8,18.9
3,0.0,27.8,16.1
3,0.0,30.0,16.1
3,0.0,28.9,18.3
3,0.0,30.6,20.0
3,0.0,28.9,21.7
3,0.0,29.4,22.8
3,0.0,26.7,21.7
3,0.0,24.4,18.9
3,0.0,24.4,15.0
3,0.0,19.4,15.6
3,0.0,21.7,14.4
1,0.0,25.0,14.4
1,0.0,25.0,13.9
1,0.0,27.2,12.2
1,0.0,27.8,15.6
1,0.0,25.0,17.2
1,17.8,24.4,15.6
1,0.0,19.4,12.8
1,0.0,18.3,10.6
1,0.0,22.8,7.8
1,0.0,25.0,11.1
1,0.0,27.2,14.4
1,0.0,28.3,16.7
1,0.0,27.2,18.3
1,0.0,25.0,17.2
1,0.0,21.7,17.2
1,0.0,19.4,15.0
1,0.0,26.1,15.0
1,0.0,22.8,15.0
1,0.0,20.0,12.2
1,0.0,21.1,14.4
1,0.0,25.6,12.2
1,0.0,22.2,9.4
1,0.0,20.6,5.6
1,0.0,22.8,9.4
1,0.0,19.4,5.6
1,0.0,25.0,6.7
1,0.0,26.7,14.4
1,0.0,23.9,13.3
1,0.0,25.6,11.7
1,0.0,25.6,13.3
0,0.0,25.0,11.7
0,0.0,26.7,13.3
0,1.3,27.2,15.6
0,1.0,27.2,13.9
0,0.0,25.0,13.9
0,0.0,27.8,16.1
0,0.0,,
0,0.3,28.3,16.1
0,0.0,29.4,20.6
0,0.0,28.3,19.4
0,0.0,28.3,17.8
0,0.0,28.3,17.8
0,0.0,27.8,17.8
0,0.0,27.2,16.1
0,0.0,26.7,15.6
0,0.0,27.8,17.2
0,0.8,23.3,13.9
0,0.3,18.3,5.6
0,0.0,23.9,11.7
0,0.0,24.4,15.6
0,0.0,23.9,15.6
0,0.0,18.9,9.4
0,0.0,20.6,7.8
0,0.0,21.7,5.6
0,0.0,23.3,8.3
0,0.0,22.2,9.4
0,0.0,25.6,11.7
0,0.0,27.8,15.6
0,0.0,,
0,0.0,27.2,18.3
0,0.0,22.2,9.4
1,0.0,27.8,17.2
1,0.0,28.3,17.8
1,0.0,30.6,17.2
1,87.6,22.2,17.8
1,3.0,22.2,16.7
1,0.0,25.0,14.4
1,0.0,28.3,16.1
1,0.0,28.9,17.2
1,0.0,29.4,17.2
1,0.5,30.6,17.2
1,0.0,31.1,21.1
1,0.0,27.8,23.3
1,0.0,30.6,20.6
1,0.0,30.6,20.6
1,0.0,31.7,20.0
1,0.0,32.2,21.1
1,0.0,30.6,20.0
1,0.5,30.6,19.4
1,0.0,31.1,21.7
1,2.0,25.6,18.9
1,0.5,29.4,16.7
1,12.7,27.2,20.0
1,0.0,28.9,19.4
1,0.0,30.0,16.7
1,0.0,30.6,18.3
1,0.0,31.1,18.9
1,0.0,30.0,20.0
1,0.0,30.0,18.3
1,0.0,31.1,19.4
1,0.0,31.7,20.6
2,40.1,23.9,18.9
2,0.8,25.6,18.9
2,0.0,30.0,19.4
2,0.0,26.7,18.3
2,0.5,24.4,16.7
2,5.1,26.1,16.1
2,0.0,26.1,14.4
2,0.0,27.8,16.1
2,0.0,30.0,16.7
2,0.0,32.8,18.9
2,0.0,32.8,22.2
2,0.0,31.7,22.8
2,0.0,28.9,18.9
2,0.0,28.9,15.0
2,0.0,30.6,17.2
2,0.0,31.1,18.3
2,0.0,31.7,19.4
2,0.0,33.3,21.1
2,0.0,33.3,20.6
2,3.0,33.3,20.0
2,0.0,33.3,20.0
2,0.0,31.7,20.6
2,0.0,32.8,21.1
2,0.0,33.3,21.1
2,0.0,33.3,21.1
2,0.0,31.1,19.4
2,0.0,32.2,19.4
2,0.0,32.8,19.4
2,0.0,31.7,21.7
2,0.8,31.7,22.8
2,9.1,30.6,22.2
2,36.8,32.2,22.8
2,0.3,32.8,22.2
2,21.6,28.3,23.9
2,11.4,28.3,22.8
2,7.1,28.9,23.3
2,38.6,27.2,23.3
2,0.0,31.7,22.8
2,90.2,32.8,22.2
2,17.8,33.3,22.2
2,10.2,33.9,23.9
2,17.0,32.8,24.4
2,10.2,33.3,22.8
2,0.0,32.8,23.3
2,0.0,32.2,25.0
2,3.8,33.3,25.0
2,0.0,35.0,24.4
2,0.0,35.6,25.0
2,0.0,35.0,25.0
2,7.6,34.4,24.4
2,22.9,33.3,23.9
2,0.0,34.4,23.3
2,5.8,35.6,22.8
2,61.2,34.4,22.8
2,0.0,33.3,23.9
2,0.0,33.9,23.9
2,2.5,33.9,23.9
2,2.5,35.0,22.2
2,9.4,33.3,23.3
2,17.3,32.2,24.4
2,22.9,32.8,23.9
3,56.9,26.1,22.8
3,11.7,33.3,22.2
3,34.3,32.2,23.3
3,27.9,32.8,21.7
3,10.7,32.2,22.2
3,0.5,33.3,23.3
3,0.0,33.3,23.3
3,10.2,33.3,24.4
3,0.0,33.3,23.9
3,23.9,32.2,23.3
3,0.0,33.3,23.9
3,12.7,32.8,24.4
3,4.8,30.0,23.9
3,4.1,32.2,22.8
3,12.7,32.8,23.3
3,22.9,31.1,23.3
3,6.6,31.7,22.2
3,20.3,30.0,22.2
3,12.7,31.1,22.8
3,0.5,32.2,22.2
3,0.0,33.9,22.2
3,0.0,33.9,25.0
3,0.0,33.3,25.0
3,0.0,32.2,25.0
3,2.5,32.2,25.6
3,0.0,32.2,24.4
3,0.0,33.9,25.6
3,0.0,33.3,25.0
3,8.1,35.0,23.9
3,7.6,34.4,24.4
3,0.0,34.4,25.0
3,5.1,34.4,25.6
3,12.4,33.3,23.9
3,2.5,34.4,25.0
3,4.8,32.8,25.6
3,0.0,33.9,25.0
3,20.3,32.2,23.9
3,43.9,33.3,
3,0.3,33.9,
3,30.0,33.9,22.8
3,0.3,33.9,23.3
3,0.0,34.4,24.4
3,0.0,34.4,25.0
3,0.0,34.4,24.4
3,0.0,34.4,26.1
3,5.3,31.7,25.0
3,0.0,33.9,26.1
3,31.8,34.4,24.4
3,29.0,33.3,22.8
3,0.5,33.9,23.9
3,4.3,33.9,23.9
3,8.9,33.9,25.0
3,7.1,33.3,23.9
3,3.0,33.3,24.4
3,24.9,33.9,23.9
3,1.5,31.1,23.3
3,3.0,32.8,23.3
3,24.4,31.1,23.3
3,0.0,32.8,22.8
3,0.0,31.7,23.3
3,0.0,32.2,25.0
3,0.0,33.3,25.0
3,8.9,32.8,24.4
3,0.0,33.9,23.9
3,6.9,31.7,23.9
3,27.9,33.3,23.9
3,0.0,33.9,23.9
3,12.2,33.9,23.3
3,2.3,32.8,22.2
3,0.0,32.2,22.8
3,0.0,33.3,24.4
3,0.0,33.3,24.4
3,0.0,32.2,24.4
3,15.0,32.2,22.8
3,0.3,32.2,22.2
3,0.0,34.4,23.9
3,22.6,33.9,22.2
3,2.5,32.2,23.3
3,8.1,32.2,22.8
3,21.1,32.2,23.3
3,0.0,31.7,23.3
3,0.0,31.7,23.3
3,0.0,32.2,22.2
3,0.0,32.8,24.4
3,85.1,28.3,23.9
3,56.4,25.0,22.8
3,49.0,26.1,21.7
3,0.0,32.2,24.4
3,0.0,29.4,21.7
3,0.0,31.1,22.2
3,0.0,30.6,21.7
3,0.0,32.2,21.7
2,0.0,32.2,22.8
2,0.0,31.7,22.8
2,0.0,31.7,22.8
2,0.0,31.7,23.9
2,0.0,31.7,22.8
2,0.0,32.8,22.8
2,7.6,30.0,23.3
2,0.0,31.1,23.9
2,0.3,26.1,21.1
2,0.0,29.4,18.9
2,0.0,30.6,19.4
2,0.0,29.4,19.4
2,0.0,30.6,18.3
2,0.0,29.4,18.9
2,0.0,28.3,19.4
2,0.0,28.3,20.6
2,0.0,32.8,21.1
2,0.0,31.7,22.2
2,0.0,32.2,23.3
2,0.0,32.2,23.3
2,0.0,32.2,23.3
2,5.6,31.7,21.7
2,0.8,26.1,21.1
2,0.0,22.8,16.7
2,0.0,26.7,15.0
2,0.0,26.7,15.0
2,0.0,26.7,13.9
2,0.0,28.3,15.6
2,0.0,29.4,17.2
2,0.0,30.0,17.2
2,0.0,30.0,18.9
2,0.0,30.0,20.6
2,10.2,26.7,18.9
2,0.0,25.0,16.1
2,0.0,26.7,14.4
2,0.0,28.3,18.9
2,0.0,29.4,20.6
2,0.0,27.2,18.9
2,0.0,26.1,18.3
2,0.0,28.3,18.3
2,0.0,28.3,18.9
2,0.0,28.3,18.9
2,0.0,26.7,18.9
2,0.0,21.1,12.2
2,0.0,25.6,11.7
2,0.5,25.0,16.7
2,0.8,25.6,20.6
2,0.0,30.0,21.1
2,0.0,30.0,20.6
2,0.0,27.8,20.6
2,5.8,29.4,18.3
2,0.0,28.9,21.1
2,0.0,28.3,20.6
2,0.0,28.3,17.8
2,0.0,22.2,15.6
2,0.0,25.6,15.6
2,7.9,28.3,19.4
2,0.0,22.8,9.4
2,0.8,17.8,3.9
2,0.0,21.7,10.6
2,0.0,23.9,12.2
0,0.0,23.3,15.0
0,0.0,23.3,14.4
0,0.0,24.4,16.1
0,0.0,28.9,17.8
0,0.0,27.8,17.8
0,0.0,28.9,18.3
0,0.0,28.3,18.3
0,0.0,28.3,18.3
0,0.0,29.4,18.9
0,0.0,28.9,16.1
0,0.0,27.8,17.8
0,0.0,22.2,12.8
0,0.0,24.4,10.0
0,0.0,28.3,17.2
0,4.8,23.9,16.1
0,0.0,17.2,10.0
0,0.0,21.1,8.3
0,0.0,21.1,7.2
0,0.0,25.6,8.9
0,0.0,28.3,15.0
0,0.0,28.9,19.4
0,0.0,28.9,20.6
0,0.0,28.9,19.4
0,0.0,23.3,10.6
0,0.0,24.4,8.9
0,0.0,26.1,16.1
0,0.0,25.0,16.7
0,0.0,26.7,18.3
0,5.8,25.6,17.8
0,0.3,18.9,16.1
0,0.0,19.4,15.0
1,0.0,27.2,12.2
1,0.0,27.8,12.2
1,0.0,28.3,16.7
1,0.0,29.4,16.7
1,0.0,30.0,16.1
1,0.0,29.4,17.8
1,0.0,30.6,20.0
1,12.7,26.1,19.4
1,1.3,21.1,14.4
1,0.0,27.2,13.9
1,0.0,28.3,13.3
1,0.0,28.9,17.8
1,0.0,30.0,17.8
1,0.0,31.1,20.6
1,0.5,28.9,18.9
1,0.0,25.0,12.2
1,1.3,28.3,17.2
1,10.7,26.7,19.4
1,0.0,23.3,17.8
1,0.3,23.9,15.6
1,0.0,22.2,16.1
1,0.0,26.7,14.4
1,0.0,26.7,16.7
1,0.0,29.4,16.1
1,0.0,29.4,17.2
1,0.0,29.4,17.8
1,0.0,32.2,20.0
1,0.0,32.8,21.7
1,0.0,33.3,22.2
1,0.0,32.8,22.2
2,0.0,31.7,21.7
2,52.1,28.3,21.1
2,17.8,24.4,18.3
2,0.0,28.9,14.4
2,0.0,30.6,16.1
2,0.0,31.7,17.8
2,0.0,31.7,20.0
2,0.0,32.8,20.6
2,0.0,32.2,21.1
2,0.0,32.2,21.1
2,0.0,32.2,21.1
2,0.0,32.2,21.7
2,0.0,32.2,22.2
2,35.6,33.3,21.7
2,4.8,30.6,22.8
2,0.0,25.6,18.3
2,0.0,28.3,16.7
2,0.0,30.0,16.1
2,0.0,30.6,18.3
2,0.0,30.6,19.4
2,0.0,31.1,18.9
2,0.0,31.7,18.9
2,0.0,31.1,20.0
2,0.0,33.3,21.1
2,27.2,33.9,22.2
2,25.4,33.9,21.1
2,38.1,31.7,21.1
2,6.4,32.2,21.7
2,29.5,29.4,17.8
2,6.9,32.2,17.8
2,33.0,32.2,21.7
3,16.8,31.7,22.8
3,0.0,28.3,22.8
3,0.0,28.9,22.2
3,0.0,31.1,21.1
3,0.0,32.8,21.7
3,0.0,32.8,23.3
3,0.0,32.8,23.3
3,3.3,32.8,22.8
3,0.0,32.8,22.2
3,19.1,33.9,21.1
3,30.5,30.6,22.2
3,0.8,31.7,22.2
3,12.7,31.7,21.7
3,0.5,32.8,22.8
3,0.0,33.3,22.2
3,4.6,33.3,22.8
3,0.0,32.2,22.2
3,41.4,31.7,21.7
3,14.7,32.2,21.7
3,0.3,32.2,23.9
3,0.0,32.2,23.9
3,0.0,32.8,23.9
3,0.0,33.3,25.6
3,0.0,33.9,23.9
3,0.0,33.9,25.6
3,0.0,35.6,25.6
3,23.4,35.6,23.3
3,0.0,35.6,23.3
3,0.0,34.4,25.0
3,0.8,34.4,23.3
3,7.1,33.9,25.0
3,0.5,35.0,24.4
3,2.0,33.9,24.4
3,0.5,33.3,24.4
3,0.0,33.9,24.4
3,0.0,33.3,23.9
3,0.0,30.6,23.3
3,0.8,33.9,23.9
3,5.6,31.1,23.3
3,2.3,33.9,23.9
3,17.3,33.9,23.9
3,13.2,35.0,22.8
3,1.0,34.4,23.3
3,7.6,34.4,23.3
3,0.3,33.3,23.9
3,27.9,30.0,23.9
3,7.6,31.7,23.9
3,0.3,33.3,23.9
3,0.0,35.0,24.4
3,0.0,35.6,25.0
3,32.0,35.6,24.4
3,0.0,33.3,23.3
3,0.0,33.3,24.4
3,6.4,33.9,25.6
3,3.8,34.4,25.6
3,0.0,34.4,25.6
3,0.0,35.0,25.6
3,0.0,33.9,25.6
3,11.4,32.2,25.0
3,20.3,33.3,24.4
3,0.0,32.8,23.9
3,0.0,33.3,23.9
3,0.0,34.4,25.0
3,0.0,34.4,21.7
3,0.0,32.2,26.1
3,0.0,32.8,26.1
3,0.0,34.4,25.0
3,0.0,33.9,25.0
3,0.0,33.9,24.4
3,27.9,35.0,23.9
3,0.0,33.9,25.0
3,0.0,34.4,25.6
3,0.0,34.4,25.0
3,0.8,34.4,26.1
3,0.5,31.7,25.6
3,14.2,31.7,23.9
3,0.5,31.7,23.9
3,0.3,33.3,25.0
3,0.0,35.0,25.6
3,0.0,35.6,25.0
3,0.0,33.9,24.4
3,0.5,35.0,23.9
3,0.0,35.6,24.4
3,0.0,35.0,24.4
3,0.0,34.4,25.0
3,0.0,33.9,26.1
3,0.0,35.0,25.6
3,0.0,33.9,23.9
3,0.8,35.0,24.4
3,0.3,33.9,24.4
3,0.8,35.0,23.9
3,12.7,35.0,24.4
3,6.9,34.4,24.4
3,3.8,33.3,23.9
3,38.1,33.3,22.8
3,6.1,33.9,23.9
3,0.0,33.9,23.9
3,0.0,33.3,23.9
3,0.5,32.8,23.9
3,0.0,32.8,23.9
3,0.0,32.8,23.9
3,0.0,32.8,23.3
3,0.0,33.9,23.9
3,0.8,32.2,24.4
3,0.5,33.3,23.9
3,0.0,33.3,23.3
3,0.0,34.4,23.9
3,0.0,32.8,23.9
3,27.7,26.1,22.2
3,0.3,32.2,22.2
3,51.6,27.8,21.7
3,6.4,28.3,21.7
3,0.5,30.6,22.8
3,9.1,30.0,22.8
3,1.3,30.6,22.2
3,4.1,30.6,22.2
3,0.5,30.6,21.7
3,53.8,32.2,23.3
3,38.1,32.2,23.3
3,62.5,31.7,22.8
3,7.6,32.2,23.9
3,38.9,29.4,23.3
2,0.0,31.7,23.9
2,0.0,31.7,23.3
2,2.0,32.8,23.9
2,66.3,29.4,19.4
2,0.0,24.4,15.6
2,0.0,27.8,16.7
2,5.1,30.0,21.7
2,0.3,31.1,21.7
2,0.0,31.1,21.7
2,0.0,31.7,20.6
2,0.0,31.7,21.7
2,0.0,31.7,21.7
2,15.2,32.2,22.2
2,18.3,30.6,23.3
2,7.6,27.8,18.9
2,0.3,27.8,17.8
2,0.0,26.7,15.6
2,0.0,27.2,15.6
2,0.0,28.3,16.7
2,0.0,29.4,18.9
2,0.0,28.9,20.6
2,0.0,29.4,20.0
2,0.0,27.8,18.3
2,0.0,26.7,16.7
2,0.0,25.0,16.7
2,0.0,26.7,13.9
2,0.0,28.3,13.3
2,0.0,29.4,17.8
2,0.0,29.4,19.4
2,0.0,29.4,19.4
2,0.0,24.4,17.8
2,0.0,20.6,11.1
2,0.0,17.8,7.8
2,0.0,23.3,8.3
2,0.0,26.1,13.3
2,0.0,27.8,15.6
2,0.0,28.9,15.6
2,0.0,25.6,15.6
2,18.0,25.0,12.2
2,5.1,19.4,13.9
2,0.0,23.3,13.9
2,0.0,23.3,12.8
2,0.0,24.4,11.7
2,0.0,25.6,11.1
2,0.0,18.9,12.8
2,0.0,22.8,10.0
2,0.0,27.8,14.4
2,38.6,28.3,18.9
2,0.0,20.6,8.3
2,0.0,16.1,5.0
2,0.0,18.3,7.2
2,0.3,22.2,11.7
2,0.5,25.6,18.3
2,0.0,29.4,21.1
2,0.0,29.4,21.7
2,66.0,27.2,21.1
2,4.6,22.2,10.0
2,0.3,20.6,7.8
2,0.0,15.6,6.7
2,0.0,21.7,7.8
2,0.0,25.0,11.1
1,0.3,26.7,11.1
1,0.0,25.6,17.8
1,0.0,26.1,17.2
1,0.0,26.7,16.7
1,0.0,26.7,18.3
1,0.0,27.2,17.2
1,0.0,20.6,15.0
1,0.3,17.8,14.4
1,0.5,16.7,12.2
1,0.0,17.8,6.7
1,0.0,17.2,7.8
1,0.0,14.4,6.7
1,0.0,18.9,5.0
1,0.0,19.4,5.0
1,0.0,20.6,4.4
1,0.0,22.2,7.8
1,0.0,22.8,11.7
1,0.0,19.4,7.8
1,0.0,22.8,8.3
1,0.0,25.6,12.2
1,1.3,25.6,15.6
1,0.0,27.2,18.9
1,0.0,27.8,20.0
1,7.4,27.8,18.9
1,0.0,20.0,12.8
1,0.0,22.8,11.7
1,0.0,26.1,17.2
1,0.0,27.2,16.7
1,0.0,26.7,17.2
1,2.5,22.8,19.4
1,0.0,20.0,16.7
0,,,
0,,,
0,,,
0,4.3,,
0,,,
0,,,
0,0.0,,
0,0.0,,
0,0.0,,
0,0.0,,
0,0.0,,
0,2.3,,
0,0.0,,
0,0.0,,
0,0.0,,
0,0.0,,
0,0.0,,
0,7.4,,
0,0.0,,
0,0.0,,
0,0.0,,
0,0.0,,
0,0.0,,
0,0.0,,
0,0.0,,
0,0.0,,
0,0.3,,
0,30.5,,
0,1.0,,
0,0.0,,
0,8.6,,
0,5.8,,
0,0.0,,
0,0.0,,
0,0.0,,
0,8.6,,
0,0.0,,
0,0.0,,
0,6.4,,
0,0.0,,
0,0.0,,
0,0.0,,
0,0.0,,
0,0.0,,
0,0.0,,
0,0.0,,
0,0.0,,
0,0.0,,
0,0.0,,
0,0.0,,
0,0.0,,
0,0.0,,
0,0.0,,
0,0.3,,
0,8.1,,
0,72.9,,
0,1.0,,
0,0.0,,
0,0.0,,
0,0.0,,
0,0.0,,
0,5.8,,
0,0.0,,
1,0.0,,
1,0.0,,
1,0.0,,
1,0.0,,
1,0.0,,
1,0.0,,
1,0.0,,
1,0.0,,
1,0.0,,
1,0.0,,
1,0.0,,
1,0.0,,
1,0.0,,
1,0.0,,
1,0.0,,
1,67.6,,
1,0.0,,
1,0.0,,
1,0.0,,
1,0.0,,
1,0.0,,
1,0.0,,
1,0.0,,
1,46.7,,
1,0.0,,
1,0.0,,
1,1.3,,
1,0.0,,
1,0.0,,
1,0.0,,
2,0.0,,
2,27.2,,
2,4.8,,
2,0.0,,
2,0.8,,
2,3.3,,
2,51.8,,
2,29.5,,
2,26.4,,
2,0.0,,
2,0.0,,
2,0.0,,
2,0.0,,
2,0.0,,
2,0.0,,
2,0.0,,
2,0.0,,
2,0.0,,
2,0.0,,
2,0.0,,
2,8.4,,
2,6.4,,
2,7.1,,
2,46.2,,
2,139.7,,
2,12.7,,
2,0.0,,
2,0.0,,
2,0.0,,
2,122.4,,
2,18.5,,
2,0.0,,
2,0.0,,
2,0.0,,
2,1.0,,
2,0.0,,
2,53.3,,
2,0.0,,
2,0.0,,
2,0.0,,
2,24.4,,
2,1.3,,
2,18.8,,
2,6.4,,
2,1.8,,
2,24.6,,
2,0.8,,
2,0.0,,
2,0.0,,
2,0.0,,
2,35.6,,
2,12.7,,
2,4.3,,
2,0.0,,
2,0.0,,
3,0.0,,
3,0.0,,
3,0.0,,
3,0.0,,
3,0.0,,
3,0.0,,
3,1.3,,
3,0.0,,
3,0.8,,
3,18.0,,
3,1.8,,
3,0.0,,
3,0.0,,
3,18.3,,
3,0.0,,
3,12.4,,
3,1.0,,
3,11.9,,
3,7.4,,
3,2.5,,
3,1.8,,
3,0.0,,
3,0.0,,
3,0.0,,
3,0.0,,
3,0.0,,
3,2.0,,
3,0.0,,
3,0.0,,
3,3.0,,
3,6.1,,
3,53.3,,
3,21.3,,
3,1.0,,
3,0.0,,
3,0.0,,
3,0.0,,
3,0.0,,
3,0.0,,
3,0.0,,
3,0.0,,
3,0.0,,
3,0.0,,
3,0.0,,
3,0.0,,
3,0.3,,
3,0.0,,
3,0.8,,
3,0.0,,
3,0.0,,
3,0.0,,
3,0.0,,
3,2.5,,
3,0.0,,
3,0.0,,
3,0.0,,
3,0.0,,
3,0.0,,
3,0.0,,
1,0.0,,
1,0.3,,
1,0.0,,
1,0.0,,
1,0.0,,
1,0.0,,
1,8.4,,
1,0.0,,
1,0.0,,
1,0.0,,
1,0.0,,
1,0.0,,
1,1.8,,
1,0.0,,
1,0.0,,
1,0.0,,
1,0.0,,
1,0.0,,
1,0.0,,
1,0.0,,
1,0.0,,
1,0.0,,
1,0.0,,
1,0.0,,
1,0.0,,
1,0.0,,
1,0.0,,
1,0.0,,
1,0.0,,
1,0.0,,
0,0.0,,
0,0.5,,
0,0.0,,
0,0.0,,
0,0.0,,
0,0.0,,
0,0.0,,
0,0.0,,
0,0.0,,
0,0.0,,
0,0.0,,
0,0.5,,
0,0.0,,
0,0.0,,
0,0.0,,
0,0.0,,
0,0.0,,
0,0.0,,
0,0.0,,
0,0.0,,
0,0.0,,
0,0.0,,
0,0.0,,
0,0.0,,
0,1.0,,
1,0.0,,
1,0.0,,
1,0.0,,
1,50.5,,
1,61.0,,
1,0.0,,
1,0.0,,
1,0.0,,
1,0.0,,
1,0.0,,
1,0.0,,
1,0.0,,
1,0.0,,
1,0.0,,
1,0.0,,
1,0.0,,
1,0.0,,
1,0.0,,
1,0.0,,
1,0.0,,
1,5.1,,
1,0.0,,
1,0.0,,
1,0.0,,
1,0.0,,
1,0.0,,
1,0.0,,
1,0.0,,
1,0.0,,
2,7.4,,
2,29.2,,
2,0.0,,
2,0.5,,
2,0.5,,
2,0.0,,
2,0.0,,
2,0.0,,
2,0.0,,
2,0.0,,
2,0.0,,
2,0.0,,
2,0.0,,
2,0.0,,
2,0.0,,
2,0.0,,
2,0.0,,
2,0.0,,
2,0.0,,
2,5.6,,
2,1.3,,
2,12.7,,
2,32.5,,
2,2.5,,
2,12.7,,
2,0.0,,
2,24.1,,
2,27.9,,
2,0.0,,
2,46.0,,
2,20.3,,
2,0.0,,
2,0.0,,
2,6.4,,
2,0.0,,
2,0.0,,
2,0.0,,
2,6.4,,
2,0.0,,
2,0.0,,
2,0.0,,
2,0.0,,
2,0.0,,
2,41.4,,
2,2.3,,
2,28.7,,
2,4.3,,
3,0.0,,
3,0.0,,
3,0.0,,
3,0.0,,
3,0.0,,
3,0.0,,
3,0.0,,
3,1.8,,
3,0.3,,
3,10.2,,
3,0.5,,
3,0.0,,
3,0.0,,
3,0.0,,
3,0.0,,
3,4.8,,
3,1.3,,
3,1.0,,
3,22.9,,
3,7.4,,
3,14.7,,
3,6.4,,
3,32.3,,
3,1.5,,
3,4.6,,
3,0.0,,
3,2.5,,
3,4.3,,
3,0.0,,
3,0.0,,
3,0.0,,
3,9.7,,
3,0.5,,
3,1.3,,
3,0.0,,
3,1.8,,
3,1.5,,
3,7.1,,
3,0.8,,
3,0.0,,
3,0.0,,
3,0.0,,
3,0.0,,
3,12.7,,
3,0.0,,
3,57.2,,
3,10.2,,
3,5.3,,
3,0.8,,
3,2.0,,
3,0.0,,
3,0.0,,
3,0.0,,
3,72.6,,
3,69.6,,
3,40.6,,
3,0.5,,
3,0.0,,
3,0.0,,
3,0.0,,
2,0.0,,
2,0.0,,
2,0.0,,
2,0.0,,
2,0.0,,
2,0.0,,
2,5.1,,
2,4.6,,
2,0.0,,
2,0.0,,
2,0.0,,
2,0.0,,
2,0.0,,
2,0.0,,
2,0.0,,
2,0.0,,
2,0.0,,
2,0.0,,
2,0.8,,
2,1.0,,
2,0.0,,
2,21.8,,
2,0.0,,
2,0.0,,
2,0.0,,
2,0.0,,
2,0.0,,
2,0.0,,
2,0.0,,
2,0.0,,
2,9.7,,
2,0.0,,
2,0.0,,
2,0.5,,
2,0.0,,
2,0.0,,
2,0.0,,
2,0.0,,
2,0.0,,
2,0.0,,
2,0.0,,
2,0.0,,
2,0.0,,
2,0.0,,
2,0.3,,
2,0.0,,
2,2.3,,
2,0.0,,
2,0.0,,
2,0.0,,
2,0.0,,
2,0.0,,
2,0.0,,
2,0.0,,
2,8.9,,
2,0.5,,
2,0.0,,
2,0.0,,
0,0.0,,
0,0.0,,
0,0.0,,
0,0.0,,
0,0.0,,
0,0.0,,
0,0.0,,
0,0.0,,
0,0.0,,
0,0.0,,
0,0.0,,
0,0.0,,
0,0.0,,
0,4.6,,
0,0.0,,
0,0.0,,
0,0.0,,
0,0.0,,
0,0.0,,
0,0.0,,
0,0.0,,
0,0.0,,
0,0.0,,
0,0.0,,
0,7.9,,
0,0.0,,
1,0.0,,
1,0.0,,
1,0.0,,
1,0.0,,
1,0.0,,
1,0.0,,
1,0.0,,
1,0.0,,
1,25.4,,
1,0.5,,
1,0.0,,
1,0.0,,
1,0.0,,
1,0.0,,
1,0.0,,
1,0.5,,
1,0.0,,
1,1.3,,
1,7.1,,
1,0.8,,
1,0.0,,
1,0.0,,
1,0.0,,
1,0.0,,
1,0.0,,
1,0.0,,
1,0.0,,
1,0.0,,
1,0.0,,
1,0.0,,
2,0.0,,
2,1.3,,
2,61.0,,
2,27.9,,
2,0.0,,
2,0.0,,
2,0.0,,
2,0.0,,
2,0.0,,
2,0.0,,
2,0.0,,
2,0.0,,
2,0.0,,
2,2.8,,
2,29.0,,
2,1.0,,
2,0.0,,
2,0.0,,
2,0.0,,
2,0.0,,
2,0.0,,
2,0.0,,
2,0.0,,
2,0.0,,
2,0.0,,
2,0.0,,
2,2.3,,
2,5.1,,
2,2.5,,
2,1.5,,
3,64.8,,
3,5.6,,
3,0.0,,
3,0.0,,
3,0.0,,
3,0.0,,
3,0.0,,
3,0.0,,
3,3.6,,
3,0.0,,
3,3.8,,
3,15.2,,
3,1.0,,
3,7.9,,
3,2.5,,
3,0.0,,
3,2.5,,
3,0.0,,
3,23.4,,
3,0.0,,
3,0.0,,
3,0.0,,
3,0.0,,
3,0.0,,
3,0.0,,
3,0.0,,
3,0.0,,
3,3.0,,
3,0.0,,
3,0.8,,
3,1.3,,
3,5.1,,
3,0.0,,
3,15.2,,
3,16.3,,
3,0.0,,
3,0.0,,
3,0.0,,
3,2.0,,
3,0.0,,
3,5.3,,
3,0.0,,
3,0.8,,
3,4.1,,
3,0.0,,
3,0.0,,
3,0.0,,
3,0.0,,
3,0.8,,
3,0.0,,
3,0.0,,
3,0.0,,
3,0.0,,
3,0.3,,
3,2.5,,
3,7.9,,
3,5.1,,
3,0.5,,
3,5.1,,
3,14.0,,
3,0.0,,
3,0.0,,
3,0.0,,
3,0.0,,
3,0.0,,
3,0.0,,
3,0.0,,
3,1.5,,
3,16.3,,
3,0.0,,
3,15.7,,
3,10.2,,
3,0.0,,
3,38.1,,
3,0.5,,
3,0.0,,
3,4.8,,
3,0.3,,
3,0.0,,
3,8.6,,
3,29.2,,
3,45.7,,
3,1.5,,
3,12.7,,
2,35.6,,
2,0.0,,
2,8.4,,
2,28.7,,
2,0.0,,
2,0.0,,
2,0.0,,
2,0.0,,
2,0.0,,
2,0.0,,
2,0.0,,
2,0.0,,
2,9.4,,
2,61.7,,
2,0.0,,
2,0.0,,
2,0.0,,
2,0.0,,
2,0.0,,
2,0.0,,
2,0.0,,
2,0.0,,
2,0.0,,
2,0.0,,
2,0.0,,
2,0.0,,
2,0.0,,
2,0.0,,
2,0.0,,
2,0.0,,
2,0.0,,
2,0.0,,
2,0.0,,
2,0.0,,
2,0.0,,
2,0.0,,
2,0.0,,
2,0.0,,
2,21.8,,
2,0.5,,
2,0.0,,
2,0.0,,
2,0.0,,
2,0.0,,
2,0.0,,
2,0.0,,
2,37.3,,
2,0.0,,
2,0.0,,
2,0.0,,
2,1.3,,
2,0.0,,
2,0.0,,
2,0.0,,
2,45.7,,
2,0.0,,
2,0.0,,
2,0.0,,
2,0.0,,
1,0.0,,
1,0.8,,
1,0.0,,
1,0.0,,
1,0.0,,
1,0.0,,
1,0.0,,
1,0.0,,
1,0.5,,
1,0.0,,
1,0.0,,
1,0.0,,
1,0.0,,
1,0.0,,
1,0.0,,
1,0.0,,
1,0.0,,
1,0.0,,
1,0.0,,
1,0.0,,
1,1.5,,
1,0.0,,
1,0.0,,
1,1.3,,
1,0.0,,
1,0.0,,
1,0.0,,
1,0.0,,
1,0.0,,
1,7.9,,
2,38.1,,
2,14.7,,
2,7.4,,
2,8.4,,
2,8.4,,
3,0.0,,
3,0.0,,
3,0.0,,
3,0.0,,
3,1.3,,
3,0.0,,
3,0.0,,
3,0.0,,
3,0.0,,
3,28.7,,
3,29.0,,
3,0.3,,
3,0.0,,
3,6.9,,
3,7.4,,
3,61.0,,
3,0.5,,
3,6.6,,
3,0.0,,
3,0.0,,
3,21.8,,
3,9.9,,
3,0.0,,
3,0.0,,
3,0.0,,
3,3.0,,
3,0.0,,
3,0.0,,
3,0.0,,
3,4.3,,
3,15.2,,
3,0.0,,
3,38.4,,
3,4.6,,
3,0.0,,
3,4.6,,
3,0.5,,
3,0.0,,
3,0.0,,
3,0.0,,
3,0.0,,
3,0.8,,
3,0.0,,
3,2.0,,
3,0.0,,
3,0.5,,
3,0.0,,
3,0.0,,
3,0.0,,
3,0.0,,
3,1.0,,
3,0.0,,
3,1.3,,
3,0.0,,
3,0.0,,
3,0.0,,
3,0.0,,
3,0.0,,
1,0.0,,
1,0.0,,
1,0.0,,
1,0.0,,
1,0.0,,
1,0.0,,
1,17.8,,
1,0.0,,
1,0.0,,
1,0.0,,
1,0.0,,
1,0.0,,
1,0.5,,
1,0.0,,
1,0.0,,
1,0.0,,
1,0.0,,
1,0.0,,
1,0.0,,
1,0.0,,
1,0.0,,
1,0.0,,
1,0.0,,
1,0.0,,
1,0.0,,
1,0.0,,
1,0.0,,
1,0.0,,
1,0.0,,
0,0.0,,
0,0.0,,
0,0.0,,
0,1.8,,
0,0.0,,
0,0.0,,
0,6.1,,
0,0.5,,
0,0.0,,
0,0.0,,
0,0.0,,
0,0.0,,
0,0.0,,
0,0.0,,
0,0.0,,
0,0.0,,
0,0.0,,
0,0.0,,
0,0.5,,
0,0.0,,
0,0.0,,
0,0.5,,
0,0.0,,
0,0.0,,
0,0.0,,
0,0.0,,
0,0.0,,
0,0.0,,
0,0.0,,
0,0.0,,
0,3.3,,
1,0.0,,
1,0.0,,
1,0.0,,
1,17.8,,
1,39.1,,
1,0.0,,
1,0.0,,
1,0.0,,
1,0.0,,
1,0.0,,
1,0.8,,
1,3.3,,
1,0.0,,
1,0.0,,
1,0.0,,
1,0.0,,
1,0.0,,
1,0.0,,
1,3.8,,
1,0.3,,
1,5.3,,
1,21.8,,
1,0.5,,
1,0.0,,
1,0.0,,
1,0.0,,
1,0.0,,
1,0.0,,
1,0.0,,
1,0.0,,
2,6.1,,
2,48.3,,
2,0.8,,
2,0.0,,
2,0.0,,
2,0.0,,
2,0.0,,
2,0.0,,
2,0.0,,
2,0.0,,
2,0.0,,
2,0.0,,
2,0.0,,
2,0.0,,
2,0.0,,
2,0.0,,
2,0.0,,
2,0.0,,
2,0.0,,
2,16.5,,
2,2.5,,
2,0.0,,
2,0.0,,
2,0.0,,
2,0.0,,
2,0.0,,
2,0.0,,
2,0.0,,
2,0.5,,
2,0.0,,
2,1.0,,
2,38.9,,
2,4.1,,
2,77.0,,
2,3.8,,
2,39.1,,
2,31.0,,
2,0.0,,
2,49.5,,
2,13.7,,
2,31.8,,
2,0.0,,
2,4.6,,
2,0.0,,
2,0.0,,
2,5.8,,
2,25.1,,
2,0.0,,
2,0.0,,
2,2.5,,
2,10.4,,
2,0.0,,
2,0.0,,
2,2.5,,
2,0.0,,
2,0.0,,
2,13.7,,
2,1.3,,
2,0.0,,
2,14.0,,
3,18.3,,
3,49.0,,
3,73.4,,
3,16.8,,
3,1.8,,
3,32.5,,
3,0.0,,
3,0.0,,
3,15.5,,
3,0.0,,
3,0.0,,
3,0.0,,
3,16.0,,
3,13.2,,
3,3.8,,
3,0.8,,
3,5.8,,
3,4.3,,
3,0.0,,
3,0.5,,
3,5.3,,
3,0.0,,
3,0.0,,
3,0.0,,
3,0.5,,
3,54.6,,
3,0.0,,
3,0.0,,
3,7.6,,
3,2.5,,
3,0.0,,
3,1.0,,
3,17.0,,
3,0.3,,
3,5.6,,
3,0.0,,
3,0.5,,
3,17.3,,
3,2.8,,
3,1.3,,
3,0.0,,
3,0.0,,
3,0.0,,
3,0.0,,
3,0.0,,
3,14.7,,
3,0.8,,
3,2.8,,
3,22.1,,
3,7.9,,
3,1.3,,
3,7.1,,
3,14.5,,
3,0.3,,
3,57.9,,
3,0.3,,
3,1.5,,
3,7.9,,
3,1.3,,
3,0.0,,
3,17.8,,
3,0.0,,
3,0.0,,
3,51.6,,
3,0.0,,
3,3.8,,
3,0.8,,
3,69.9,,
3,0.0,,
3,0.0,,
3,0.0,,
3,0.0,,
3,3.8,,
3,39.9,,
3,0.0,,
3,0.8,,
3,9.4,,
3,11.4,,
3,21.1,,
3,3.8,,
3,0.3,,
3,0.0,,
3,0.0,,
3,1.0,,
3,49.0,,
3,64.8,,
3,52.3,,
3,2.5,,
3,0.0,,
3,0.0,,
3,0.0,,
2,0.0,,
2,0.0,,
2,0.0,,
2,0.0,,
2,0.0,,
2,0.0,,
2,0.5,,
2,11.9,,
2,0.0,,
2,0.0,,
2,0.0,,
2,0.0,,
2,0.0,,
2,0.0,,
2,0.0,,
2,0.0,,
2,0.0,,
2,0.0,,
2,0.0,,
2,0.0,,
2,0.0,,
2,4.1,,
2,0.5,,
2,0.0,,
2,0.0,,
2,0.0,,
2,0.0,,
2,0.0,,
2,0.0,,
2,0.0,,
2,0.0,,
2,0.0,,
2,6.4,,
2,0.0,,
2,0.5,,
2,0.0,,
2,0.0,,
2,0.0,,
2,0.0,,
2,0.0,,
2,0.0,,
2,0.0,,
2,0.8,,
2,0.5,,
2,0.0,,
2,0.0,,
2,0.0,,
2,0.8,,
2,0.0,,
2,0.0,,
2,0.0,,
2,0.0,,
2,1.8,,
2,11.4,,
2,0.3,,
2,0.0,,
2,0.0,,
0,0.0,,
0,0.0,,
0,0.0,,
0,1.0,,
0,0.0,,
0,0.0,,
0,0.0,,
0,0.0,,
0,0.0,,
0,0.0,,
0,0.0,,
0,0.0,,
0,0.0,,
0,0.0,,
0,0.0,,
0,0.0,,
0,0.0,,
0,0.0,,
0,0.0,,
0,0.0,,
0,0.0,,
0,0.0,,
0,0.3,,
0,0.0,,
0,0.0,,
0,0.0,,
0,1.0,,
0,2.0,,
0,0.0,,
1,0.0,,
1,0.0,,
1,0.0,,
1,0.0,,
1,0.0,,
1,0.0,,
1,0.0,,
1,4.6,,
1,17.0,,
1,0.3,,
1,0.0,,
1,0.0,,
1,0.0,,
1,0.0,,
1,0.0,,
1,0.3,,
1,0.0,,
1,0.5,,
1,11.9,,
1,0.3,,
1,0.0,,
1,0.0,,
1,0.0,,
1,0.0,,
1,0.0,,
1,0.0,,
1,0.0,,
1,0.0,,
2,0.0,,
2,0.0,,
2,38.9,,
2,52.1,,
2,0.0,,
2,0.0,,
2,0.0,,
2,0.0,,
2,0.0,,
2,0.0,,
2,0.0,,
2,0.0,,
2,5.1,,
2,23.6,,
2,16.0,,
2,0.0,,
2,0.0,,
2,0.0,,
2,0.0,,
2,0.0,,
2,0.0,,
2,0.0,,
2,0.0,,
2,6.9,,
2,1.3,,
2,4.6,,
2,0.0,,
2,19.6,,
2,31.0,,
3,13.2,,
3,40.1,,
3,0.0,,
3,0.0,,
3,0.0,,
3,0.0,,
3,0.0,,
3,0.3,,
3,2.0,,
3,29.5,,
3,11.9,,
3,29.0,,
3,21.8,,
3,40.4,,
3,15.2,,
3,0.0,,
3,7.1,,
3,6.1,,
3,1.3,,
3,0.0,,
3,0.0,,
3,0.0,,
3,0.0,,
3,0.0,,
3,0.0,,
3,30.7,,
3,1.8,,
3,0.0,,
3,0.0,,
3,11.4,,
3,2.8,,
3,5.8,,
3,0.0,,
3,0.0,,
3,35.3,,
3,0.3,,
3,0.0,,
3,1.0,,
3,0.0,,
3,14.7,,
3,2.5,,
3,3.3,,
3,2.0,,
3,47.2,,
3,58.2,,
3,3.8,,
3,0.0,,
3,0.0,,
3,0.0,,
3,8.9,,
3,1.0,,
3,3.3,,
3,3.3,,
3,0.0,,
3,0.5,,
3,0.0,,
3,0.0,,
3,2.3,,
3,0.0,,
3,0.0,,
3,5.6,,
3,0.0,,
3,5.3,,
3,7.9,,
3,0.8,,
3,0.0,,
3,1.3,,
3,6.4,,
3,0.0,,
3,0.0,,
3,0.0,,
3,3.3,,
3,7.9,,
3,4.6,,
3,12.4,,
3,1.3,,
3,0.5,,
3,0.0,,
3,0.0,,
3,16.8,,
3,0.0,,
3,0.0,,
3,3.6,,
3,0.0,,
3,0.0,,
3,0.0,,
3,0.0,,
3,3.3,,
3,4.1,,
3,0.0,,
3,0.0,,
3,0.0,,
3,13.2,,
3,18.5,,
3,0.5,,
3,1.3,,
3,52.3,,
3,0.0,,
3,20.8,,
3,0.0,,
3,0.0,,
3,0.0,,
3,0.5,,
3,0.0,,
3,0.0,,
3,22.9,,
3,0.0,,
3,47.0,,
3,8.6,,
3,4.1,,
3,21.1,,
3,0.0,,
3,14.0,,
3,0.0,,
3,23.6,,
3,46.5,,
3,27.7,,
3,9.1,,
2,17.0,,
2,0.0,,
2,0.0,,
2,17.8,,
2,5.1,,
2,0.0,,
2,0.0,,
2,1.0,,
2,0.0,,
2,0.0,,
2,0.0,,
2,0.0,,
2,0.0,,
2,0.0,,
2,33.3,,
2,0.5,,
2,0.0,,
2,0.0,,
2,0.0,,
2,0.0,,
2,0.0,,
2,0.0,,
2,0.0,,
2,0.0,,
2,0.0,,
2,0.0,,
2,0.0,,
2,0.0,,
2,0.0,,
2,0.0,,
2,0.0,,
2,0.0,,
2,0.0,,
2,0.0,,
2,0.0,,
2,24.9,,
2,2.3,,
2,0.0,,
2,0.0,,
2,0.0,,
2,0.0,,
2,0.0,,
2,0.0,,
2,39.1,,
2,0.0,,
2,0.0,,
2,0.0,,
2,0.0,,
2,0.0,,
2,0.0,,
2,5.6,,
2,14.5,,
2,1.3,,
2,0.0,,
2,0.0,,
2,0.0,,
1,0.0,,
1,1.8,,
1,0.3,,
1,0.3,,
1,0.0,,
1,1.5,,
1,0.0,,
1,1.0,,
1,0.0,,
1,0.0,,
1,0.0,,
1,0.0,,
1,0.0,,
1,0.0,,
1,0.0,,
1,0.0,,
1,0.0,,
1,0.0,,
1,0.0,,
1,6.4,,
1,0.3,,
1,1.0,,
1,0.0,,
1,0.0,,
1,0.0,,
1,0.0,,
1,0.0,,
1,5.8,,
0,0.0,,
0,0.0,,
0,0.0,,
0,1.0,,
0,0.0,,
0,0.0,,
0,0.0,,
0,0.0,,
0,0.0,,
0,,,
0,0.0,,
0,0.0,,
0,0.0,,
0,0.0,,
0,0.0,,
0,0.0,,
0,0.0,,
0,0.0,,
0,4.1,,
0,0.0,,
0,0.0,,
0,8.1,,
0,0.0,,
0,0.0,,
0,0.0,,
0,0.0,,
0,0.0,,
0,0.0,,
0,4.3,,
0,0.0,,
0,0.0,,
0,0.0,,
0,1.0,,
0,0.0,,
0,0.0,,
0,0.0,,
0,0.0,,
0,0.0,,
0,0.0,,
0,0.0,,
0,0.0,,
0,0.0,,
0,0.0,,
0,0.0,,
0,0.0,,
0,0.0,,
0,0.0,,
0,0.0,,
0,,,
0,0.0,,
0,0.0,,
0,0.0,,
0,0.0,,
0,,,
1,0.0,,
1,0.0,,
1,0.0,,
1,0.0,,
1,0.0,,
1,0.0,,
1,0.0,,
1,0.0,,
1,0.0,,
1,0.0,,
1,0.0,,
1,0.0,,
1,0.0,,
1,0.0,,
1,0.0,,
1,5.8,,
1,40.1,,
1,6.4,,
1,0.0,,
1,0.0,,
1,0.0,,
1,0.0,,
1,0.0,,
1,0.0,,
1,0.0,,
1,0.0,,
1,0.0,,
1,30.2,,
1,0.0,,
1,0.0,,
1,0.0,,
2,8.6,,
2,100.3,,
2,0.0,,
2,0.0,,
2,0.0,,
2,1.8,,
2,10.2,,
2,0.0,,
2,55.9,,
2,0.0,,
2,55.6,,
2,0.0,,
2,0.0,,
2,0.0,,
2,0.0,,
2,0.0,,
2,0.0,,
2,0.0,,
2,0.0,,
2,0.0,,
2,23.1,,
2,1.0,,
2,37.1,,
2,29.2,,
2,77.7,,
2,33.0,,
2,22.4,,
2,0.0,,
2,0.0,,
2,0.0,,
3,0.0,,
3,0.0,,
3,0.0,,
3,0.0,,
3,1.5,,
3,,,
3,0.0,,
3,0.0,,
3,15.0,,
3,30.0,,
3,0.0,,
3,0.0,,
3,0.0,,
3,0.0,,
3,11.7,,
3,0.0,,
3,0.0,,
2,0.0,,
2,8.9,,
2,,,
2,4.6,,
2,0.8,,
2,0.0,,
2,0.0,,
2,34.8,,
2,2.0,,
2,2.3,,
2,0.0,,
2,48.8,,
2,0.0,,
2,0.0,,
2,,,
2,4.3,,
2,1.5,,
2,16.3,,
2,42.2,,
2,0.0,,
2,0.0,,
2,0.0,,
2,42.7,,
2,14.0,,
2,9.1,,
2,0.0,,
2,0.0,,
3,0.0,,
3,0.0,,
3,0.0,,
3,0.0,,
3,0.0,,
3,,,
3,4.1,,
3,0.0,,
3,0.0,,
3,0.0,,
3,7.9,,
3,2.8,,
3,12.2,,
3,0.0,,
3,0.0,,
3,21.3,,
3,1.0,,
3,0.0,,
3,0.0,,
3,0.0,,
3,1.0,,
3,,,
3,0.0,,
3,0.0,,
3,0.0,,
3,0.0,,
3,0.0,,
3,0.0,,
3,1.5,,
3,0.0,,
3,0.0,,
3,0.0,,
3,0.0,,
3,0.0,,
3,0.0,,
3,0.0,,
3,0.0,,
3,0.0,,
3,1.0,,
3,0.0,,
3,2.0,,
3,0.0,,
3,0.0,,
3,0.0,,
3,0.0,,
3,0.0,,
1,0.0,,
1,0.0,,
1,0.0,,
1,0.0,,
1,0.0,,
1,0.0,,
1,3.6,,
1,0.0,,
1,0.0,,
1,0.0,,
1,0.0,,
1,0.0,,
1,0.0,,
1,0.0,,
1,0.0,,
1,0.0,,
1,0.0,,
1,0.0,,
1,0.0,,
1,0.0,,
1,0.0,,
1,0.0,,
1,0.0,,
1,0.0,,
1,0.0,,
1,0.0,,
1,0.0,,
1,0.0,,
1,0.0,,
1,0.0,,
0,,,
0,5.1,,
0,0.0,,
0,0.0,,
0,0.0,,
0,0.0,,
0,0.0,,
0,0.0,,
0,0.0,,
0,0.0,,
0,0.0,,
0,0.0,,
0,0.0,,
0,0.0,,
0,0.0,,
0,,,
0,0.0,,
0,0.0,,
0,0.0,,
0,0.0,,
0,0.0,,
0,0.0,,
0,0.0,,
0,2.8,,
1,0.0,,
1,0.0,,
1,0.0,,
1,9.9,,
1,59.7,,
1,0.0,,
1,0.0,,
1,0.0,,
1,0.0,,
1,0.0,,
1,27.7,,
1,2.5,,
1,0.0,,
1,0.0,,
1,0.0,,
1,0.0,,
1,0.0,,
1,0.0,,
1,2.5,,
1,0.0,,
1,0.0,,
1,13.2,,
1,0.0,,
1,0.0,,
1,0.0,,
1,0.0,,
1,0.0,,
1,0.0,,
1,0.0,,
1,0.0,,
2,3.3,,
2,40.1,,
2,,,
2,0.0,,
2,0.0,,
2,0.0,,
2,0.0,,
2,0.0,,
2,1.0,,
2,0.0,,
2,0.0,,
2,0.0,,
2,0.0,,
2,0.0,,
2,0.0,,
2,0.0,,
2,3.3,,
2,39.4,,
2,9.1,,
2,0.0,,
2,0.0,,
2,0.0,,
2,0.0,,
2,0.0,,
2,3.6,,
2,3.3,,
2,0.0,,
2,2.5,,
2,2.8,,
2,13.2,,
2,12.2,,
2,1.3,,
2,39.9,,
2,28.2,,
2,0.0,,
2,77.5,,
2,0.0,,
2,3.6,,
2,0.0,,
2,23.4,,
2,0.0,,
2,0.0,,
2,17.8,,
2,0.0,,
2,,,
2,0.0,,
2,3.6,,
2,0.0,,
2,0.0,,
3,,,
3,42.9,,
3,9.7,,
3,19.6,,
3,7.1,,
3,0.0,,
3,0.0,,
3,0.0,,
3,3.8,,
3,0.0,,
3,0.0,,
3,26.2,,
3,4.8,,
3,19.1,,
3,0.0,,
3,4.3,,
3,0.0,,
3,14.7,,
3,6.9,,
3,48.8,,
3,0.0,,
3,0.0,,
3,0.0,,
3,0.0,,
3,26.2,,
3,0.0,,
3,0.0,,
3,0.0,,
3,0.0,,
3,0.0,,
3,0.0,,
3,,,
3,0.0,,
3,2.3,,
3,7.1,,
3,0.0,,
3,0.0,,
3,0.0,,
3,1.0,,
3,1.3,,
3,4.3,,
3,29.5,,
3,3.6,,
3,3.8,,
3,28.7,,
3,8.1,,
3,0.0,,
3,14.2,,
3,4.3,,
3,11.2,,
3,5.6,,
3,1.0,,
3,0.0,,
3,0.0,,
3,0.0,,
3,,,
3,51.8,,
3,4.1,,
3,12.2,,
3,4.1,,
3,8.9,,
3,0.0,,
3,0.0,,
2,,,
2,0.0,,
2,0.0,,
2,0.0,,
2,0.0,,
2,0.0,,
2,0.0,,
2,0.0,,
2,0.0,,
2,,,
2,0.0,,
2,0.0,,
2,0.0,,
2,0.0,,
2,0.0,,
2,0.0,,
2,0.0,,
2,0.0,,
2,,,
2,0.0,,
2,0.0,,
2,0.0,,
2,0.0,,
2,0.0,,
2,0.0,,
2,0.0,,
2,0.0,,
2,0.0,,
2,0.0,,
2,0.0,,
2,1.8,,
2,0.0,,
2,2.3,,
2,,,
2,4.6,,
2,11.4,,
2,1.8,,
2,0.0,,
2,0.0,,
0,0.0,,
0,0.0,,
0,0.0,,
0,0.0,,
0,0.0,,
0,0.0,,
0,0.0,,
0,0.0,,
0,0.0,,
0,0.0,,
0,0.0,,
0,0.0,,
0,0.0,,
0,0.0,,
0,0.0,,
0,6.9,,
0,0.0,,
0,0.0,,
0,0.0,,
0,0.0,,
0,0.0,,
0,1.0,,
0,0.0,,
0,0.0,,
0,0.0,,
0,0.0,,
0,0.0,,
0,0.0,,
0,,,
0,0.0,,
1,,,
1,0.0,,
1,0.0,,
1,0.0,,
1,0.0,,
1,0.0,,
1,0.0,,
1,0.0,,
1,0.0,,
1,16.0,,
1,10.9,,
1,0.0,,
1,0.0,,
1,0.0,,
1,0.0,,
1,0.0,,
1,0.0,,
1,0.0,,
1,0.0,,
1,0.0,,
1,0.0,,
1,1.3,,
2,0.0,,
2,0.0,,
2,24.4,,
2,13.5,,
2,0.0,,
2,0.0,,
2,0.0,,
2,0.0,,
2,0.0,,
2,0.0,,
2,0.0,,
2,0.0,,
2,0.0,,
2,0.0,,
2,,,
2,0.0,,
2,26.9,,
2,41.9,,
2,13.2,,
3,0.0,,
3,13.5,,
3,0.0,,
3,0.0,,
3,0.0,,
3,0.0,,
3,0.0,,
3,0.0,,
3,4.6,,
3,11.9,,
3,4.8,,
3,5.8,,
3,,,
3,4.6,,
3,0.0,,
3,6.4,,
3,0.0,,
3,0.0,,
3,0.0,,
3,0.0,,
3,0.0,,
3,0.0,,
3,0.0,,
3,16.0,,
3,,,
3,4.6,,
3,0.0,,
3,1.3,,
3,18.5,,
3,1.5,,
3,1.8,,
3,0.0,,
3,34.5,,
3,58.9,,
3,4.1,,
3,0.0,,
3,0.0,,
3,0.0,,
3,2.3,,
3,0.0,,
3,0.0,,
3,0.0,,
3,10.2,,
3,0.0,,
3,0.0,,
3,0.0,,
3,1.0,,
3,0.0,,
3,0.0,,
3,0.0,,
3,12.2,,
3,0.0,,
3,3.8,,
3,2.0,,
3,8.9,,
3,2.0,,
3,19.1,,
3,0.0,,
3,0.0,,
3,0.0,,
3,0.0,,
3,,,
3,1.0,,
3,0.0,,
3,0.0,,
3,9.4,,
3,4.3,,
3,0.0,,
3,0.0,,
3,0.0,,
3,0.0,,
3,0.0,,
3,24.9,,
3,9.9,,
3,35.6,,
3,13.0,,
3,10.9,,
3,0.0,,
3,0.0,,
3,1.8,,
3,0.0,,
3,1.3,,
3,0.0,,
3,20.3,,
3,9.7,,
3,0.0,,
3,85.9,,
3,0.0,,
3,0.0,,
3,15.7,,
3,18.8,,
3,29.7,,
3,0.0,,
3,82.0,,
3,64.8,,
3,39.4,,
3,16.5,,
2,5.6,,
2,,,
2,24.6,,
2,0.0,,
2,0.0,,
2,0.0,,
2,0.0,,
2,0.0,,
2,0.0,,
2,0.0,,
2,0.0,,
2,0.0,,
2,0.0,,
2,0.0,,
2,0.0,,
2,0.0,,
2,0.0,,
2,0.0,,
2,0.0,,
2,0.0,,
2,0.0,,
2,0.0,,
2,0.0,,
2,0.0,,
2,0.0,,
2,0.0,,
2,17.3,,
2,1.0,,
2,0.0,,
2,0.0,,
2,0.0,,
2,0.0,,
2,0.0,,
2,0.0,,
2,0.0,,
2,35.3,,
2,1.0,,
2,,,
2,1.8,,
2,22.1,,
2,1.8,,
1,,,
1,1.8,,
1,0.0,,
1,0.0,,
1,0.0,,
1,0.0,,
1,,,
1,0.0,,
1,0.0,,
1,0.0,,
1,0.0,,
1,0.0,,
1,1.0,,
1,0.0,,
1,0.0,,
1,0.0,,
1,0.0,,
1,1.8,,
1,0.0,,
1,0.0,,
1,6.4,,
3,2.0,,
3,4.3,,
3,0.0,,
3,0.0,,
3,0.0,,
3,0.0,,
3,57.2,,
3,0.0,,
3,,,
3,0.0,,
3,2.5,,
3,0.5,,
3,0.0,,
3,0.0,,
3,10.4,,
3,0.0,,
3,18.0,,
3,29.5,,
3,2.3,,
3,3.0,,
3,0.0,,
3,0.0,,
3,0.0,,
3,0.0,,
3,,,
3,18.8,,
3,2.0,,
3,,,
3,5.1,,
3,48.3,,
3,0.0,,
3,3.3,,
3,0.8,,
3,0.0,,
3,,,
3,3.3,,
3,1.5,,
3,1.3,,
3,2.3,,
3,1.5,,
3,0.0,,
3,0.0,,
3,0.0,,
3,0.0,,
3,12.2,,
3,0.0,,
3,5.1,,
3,114.0,,
3,0.3,,
3,18.0,,
3,1.0,,
3,,,
3,1.3,,
3,82.0,,
3,40.1,,
3,40.1,,
3,0.0,,
3,0.0,,
3,0.0,,
3,0.0,,
2,0.0,,
2,0.0,,
2,0.0,,
2,0.0,,
2,,,
2,3.3,,
2,10.2,,
2,,,
2,0.0,,
2,,,
2,0.0,,
2,0.0,,
2,0.0,,
2,0.0,,
2,9.7,,
2,0.0,,
2,0.0,,
2,0.0,,
2,0.0,,
2,0.0,,
2,0.0,,
2,0.0,,
2,0.0,,
2,6.1,,
2,0.0,,
2,0.0,,
2,1.3,,
2,0.0,,
2,0.0,,
2,,,
2,0.0,,
2,3.3,,
2,1.0,,
2,0.0,,
2,0.5,,
2,0.3,,
2,8.9,,
2,0.3,,
2,0.0,,
0,0.0,,
0,0.0,,
0,0.0,,
0,0.0,,
0,0.0,,
0,,,
0,0.0,,
0,0.0,,
0,0.0,,
0,0.0,,
0,0.0,,
0,0.0,,
0,0.0,,
0,3.0,,
0,0.0,,
0,0.0,,
0,0.0,,
0,0.0,,
0,0.0,,
0,0.3,,
0,0.0,,
0,0.0,,
0,0.0,,
0,2.5,,
0,2.8,,
0,0.3,,
1,0.0,,
1,0.0,,
1,0.0,,
1,0.0,,
1,0.0,,
1,0.0,,
1,0.0,,
1,0.0,,
1,13.5,,
1,0.0,,
1,0.0,,
1,0.0,,
1,0.0,,
1,0.0,,
1,0.0,,
1,0.3,,
1,0.0,,
1,0.8,,
1,9.7,,
1,0.3,,
1,0.0,,
1,0.0,,
1,0.0,,
1,0.0,,
1,0.0,,
1,,,
1,0.0,,
1,0.0,,
2,0.0,,
2,0.0,,
2,74.2,,
2,13.2,,
2,0.0,,
2,0.0,,
2,0.0,,
2,0.0,,
2,0.0,,
2,,,
2,0.0,,
2,0.0,,
2,11.4,,
2,1.8,,
2,0.0,,
2,,,
2,0.0,,
2,0.0,,
2,0.0,,
2,0.0,,
2,0.0,,
2,,,
2,10.7,,
2,3.8,,
2,0.3,,
2,16.5,,
2,8.6,,
3,0.3,,
3,25.4,,
3,0.0,,
3,0.0,,
3,0.0,,
3,,,
3,3.3,,
3,10.9,,
3,13.7,,
3,24.1,,
3,1.0,,
3,0.5,,
3,4.3,,
3,0.0,,
3,53.1,,
3,,,
3,0.3,,
3,0.0,,
3,0.0,,
3,0.0,,
3,31.8,,
3,0.0,,
3,0.0,,
3,0.0,,
3,0.0,,
3,0.0,,
3,9.4,,
3,3.3,,
3,0.0,,
3,8.4,,
3,2.8,,
3,10.2,,
3,,,
3,0.8,,
3,24.9,,
3,5.1,,
3,,,
3,37.3,,
3,7.9,,
3,,,
3,,,
3,0.0,,
3,0.0,,
3,34.3,,
3,0.0,,
3,0.0,,
3,,,
3,0.0,,
3,0.0,,
3,0.0,,
3,3.6,,
3,1.8,,
3,1.0,,
3,0.0,,
3,0.0,,
3,2.8,,
3,25.4,,
3,9.4,,
3,18.5,,
3,0.3,,
3,0.0,,
3,0.0,,
3,0.0,,
3,45.7,,
3,0.5,,
3,0.0,,
3,0.0,,
3,0.0,,
3,0.0,,
3,,,
3,0.3,,
3,9.4,,
3,2.3,,
3,16.3,,
3,0.3,,
3,0.0,,
3,0.5,,
3,0.3,,
3,,,
3,0.3,,
3,0.0,,
3,,,
3,0.0,,
3,31.2,,
3,,,
3,0.5,,
3,0.0,,
3,16.5,,
3,10.4,,
3,,,
3,37.8,,
3,29.7,,
3,81.8,,
3,10.2,,
2,34.3,,
2,0.3,,
2,0.0,,
2,,,
2,0.0,,
2,1.5,,
2,0.0,,
2,0.0,,
2,0.0,,
2,,,
2,0.0,,
2,12.2,,
2,5.8,,
2,0.0,,
2,0.0,,
2,,,
2,0.0,,
2,0.0,,
2,0.0,,
2,0.0,,
2,0.0,,
2,0.0,,
2,0.0,,
2,0.0,,
2,0.0,,
2,0.0,,
2,,,
2,0.0,,
2,,,
2,0.0,,
2,18.5,,
2,,,
2,34.3,,
2,0.0,,
2,0.0,,
2,,,
2,0.3,,
2,0.0,,
1,0.0,,
1,,,
1,2.0,,
1,0.0,,
1,0.0,,
1,0.0,,
1,0.0,,
1,0.0,,
1,0.0,,
1,0.3,,
1,0.0,,
1,0.0,,
1,0.0,,
1,0.0,,
1,2.5,,
1,0.3,,
1,0.0,,
1,3.3,,
1,0.0,,
1,,,
1,0.0,,
1,4.1,,
0,0.0,,
0,0.0,,
0,0.0,,
0,0.8,,
0,0.0,,
0,0.0,,
0,0.0,,
0,0.0,,
0,0.0,,
0,0.0,,
0,0.0,,
0,0.0,,
0,0.0,,
0,0.0,,
0,0.0,,
0,0.0,,
0,0.0,,
0,,,
0,25.1,,
0,0.0,,
0,7.6,,
0,0.0,,
0,0.0,,
0,0.0,,
0,0.0,,
0,0.0,,
0,6.9,,
0,0.0,,
0,0.0,,
0,0.0,,
0,3.0,,
0,0.0,,
0,0.0,,
0,0.0,,
0,0.0,,
0,0.0,,
0,0.0,,
0,0.0,,
0,0.0,,
0,0.0,,
0,0.0,,
0,0.0,,
0,0.0,,
0,0.0,,
0,4.6,,
0,58.9,,
0,38.6,,
0,0.8,,
0,0.0,,
0,0.0,,
0,0.0,,
0,0.0,,
0,0.0,,
0,1.5,,
0,0.0,,
1,0.0,,
1,0.0,,
1,0.0,,
1,0.0,,
1,0.0,,
1,0.0,,
1,0.0,,
1,0.0,,
1,0.0,,
1,0.0,,
1,0.0,,
1,0.0,,
1,0.0,,
1,0.0,,
1,0.0,,
1,0.0,,
1,40.9,,
1,0.5,,
1,0.0,,
1,,,
1,55.4,,
1,0.0,,
1,0.0,,
1,0.0,,
2,6.4,,
2,75.9,,
2,5.6,,
2,0.0,,
2,4.1,,
2,34.0,,
2,27.9,,
2,41.7,,
2,0.0,,
2,0.0,,
2,,,
2,4.6,,
2,14.0,,
2,33.8,,
2,100.1,,
2,75.4,,
2,64.3,,
2,0.5,,
2,0.0,,
2,0.0,,
3,0.0,,
3,0.0,,
3,0.0,,
3,0.0,,
3,33.0,,
3,0.0,,
3,0.0,,
3,0.0,,
3,,,
3,33.8,,
3,4.6,,
3,39.1,,
3,17.8,,
3,2.0,,
3,0.0,,
3,0.0,,
3,0.0,,
3,13.7,,
3,17.8,,
3,0.0,,
3,0.0,,
2,,,
2,0.8,,
2,0.0,,
2,0.3,,
2,0.0,,
2,0.3,,
2,23.9,,
2,0.3,,
2,0.8,,
2,0.0,,
2,0.0,,
2,1.8,,
2,18.5,,
2,19.6,,
2,1.3,,
2,0.8,,
2,2.5,,
2,5.8,,
2,14.2,,
2,8.9,,
2,12.4,,
2,4.3,,
2,0.0,,
2,0.0,,
2,0.0,,
2,43.7,,
2,7.4,,
2,4.1,,
2,1.8,,
2,2.5,,
3,0.5,,
3,0.0,,
3,0.0,,
3,0.0,,
3,0.0,,
3,0.0,,
3,0.0,,
3,2.5,,
3,25.9,,
3,56.4,,
3,0.5,,
3,1.0,,
3,0.8,,
3,0.3,,
3,16.0,,
3,1.0,,
3,9.1,,
3,1.0,,
3,0.0,,
3,21.6,,
3,11.2,,
3,,,
3,0.0,,
3,0.0,,
3,0.5,,
3,1.3,,
3,7.9,,
3,0.5,,
3,52.8,,
3,1.5,,
3,0.0,,
3,0.0,,
3,0.8,,
3,0.0,,
3,1.0,,
3,,,
3,0.0,,
3,0.0,,
3,0.0,,
3,0.0,,
3,0.0,,
1,0.0,,
1,0.0,,
1,0.0,,
1,0.0,,
1,29.0,,
1,0.0,,
1,0.0,,
1,0.0,,
1,0.0,,
1,0.0,,
1,1.3,,
1,0.0,,
1,0.5,,
1,0.0,,
1,0.0,,
1,0.0,,
1,0.0,,
1,0.0,,
1,0.0,,
1,0.0,,
1,0.0,,
1,0.0,,
1,0.0,,
1,0.0,,
1,0.0,,
1,0.0,,
1,0.0,,
1,0.0,,
0,0.0,,
0,0.0,,
0,0.0,,
0,6.4,,
0,0.0,,
0,0.0,,
0,0.0,,
0,0.0,,
0,1.3,,
0,0.0,,
0,0.0,,
0,0.0,,
0,0.0,,
0,0.0,,
0,0.0,,
0,0.0,,
0,2.0,,
0,0.8,,
0,0.0,,
0,0.0,,
0,0.0,,
0,0.0,,
0,0.0,,
0,0.0,,
0,0.0,,
0,0.0,,
0,0.0,,
0,1.3,,
0,0.0,,
0,0.0,,
1,0.0,,
1,0.0,,
1,0.0,,
1,23.9,,
1,44.5,,
1,0.0,,
1,0.0,,
1,0.0,,
1,0.0,,
1,0.0,,
1,1.5,,
1,0.0,,
1,0.0,,
1,0.0,,
1,0.0,,
1,0.0,,
1,9.9,,
1,3.6,,
1,31.2,,
1,0.0,,
1,0.0,,
1,0.0,,
1,0.0,,
1,0.0,,
1,0.0,,
2,0.5,,
2,38.6,,
2,1.5,,
2,0.0,,
2,2.0,,
2,0.0,,
2,0.0,,
2,0.0,,
2,0.5,,
2,0.0,,
2,0.0,,
2,0.0,,
2,0.0,,
2,0.0,,
2,0.0,,
2,,,
2,0.0,,
2,0.0,,
2,0.0,,
2,0.0,,
2,0.0,,
2,0.8,,
2,1.5,,
2,16.0,,
2,48.8,,
2,3.6,,
2,8.9,,
2,48.3,,
2,73.9,,
2,0.0,,
2,125.2,,
2,0.3,,
2,8.9,,
2,0.5,,
2,13.2,,
2,7.4,,
2,1.3,,
2,0.0,,
2,35.8,,
2,23.4,,
2,23.4,,
2,6.9,,
2,7.1,,
2,0.0,,
2,1.0,,
2,10.7,,
2,7.1,,
2,0.5,,
3,,,
3,2.5,,
3,0.0,,
3,21.3,,
3,1.3,,
3,1.0,,
3,3.8,,
3,20.6,,
3,0.5,,
3,5.8,,
3,4.8,,
3,0.0,,
3,0.0,,
3,0.0,,
3,1.3,,
3,63.5,,
3,0.0,,
3,0.0,,
3,0.8,,
3,2.5,,
3,15.5,,
3,0.8,,
3,0.0,,
3,4.1,,
3,,,
3,0.0,,
3,0.0,,
3,0.0,,
3,0.0,,
3,0.0,,
3,10.9,,
3,0.0,,
3,5.6,,
3,24.9,,
3,1.3,,
3,8.9,,
3,6.9,,
3,13.2,,
3,11.2,,
3,34.3,,
3,0.5,,
3,0.0,,
3,0.5,,
3,0.0,,
3,8.4,,
3,10.9,,
3,0.8,,
3,0.5,,
3,18.8,,
3,4.3,,
3,3.3,,
3,0.3,,
3,29.2,,
3,0.0,,
3,0.0,,
3,0.0,,
3,0.0,,
3,0.8,,
3,33.0,,
3,21.1,,
3,1.3,,
3,,,
3,0.0,,
3,1.0,,
3,81.3,,
3,55.1,,
3,44.7,,
3,0.8,,
3,0.0,,
3,0.0,,
3,0.0,,
2,0.0,,
2,0.0,,
2,0.0,,
2,0.0,,
2,0.0,,
2,0.0,,
2,6.6,,
2,0.0,,
2,0.0,,
2,0.0,,
2,0.0,,
2,0.0,,
2,0.0,,
2,0.0,,
2,0.0,,
2,0.0,,
2,0.0,,
2,0.0,,
2,0.0,,
2,,,
2,0.0,,
2,0.0,,
2,0.0,,
2,0.0,,
2,0.0,,
2,0.0,,
2,0.0,,
2,0.0,,
2,7.1,,
2,0.0,,
2,0.0,,
2,0.5,,
2,0.0,,
2,0.0,,
2,0.0,,
2,0.0,,
2,0.0,,
2,0.5,,
2,0.0,,
2,0.0,,
2,,,
2,0.0,,
2,0.8,,
2,10.7,,
0,,,
0,0.0,,
0,0.0,,
0,0.0,,
0,0.0,,
0,0.0,,
0,0.0,,
0,0.0,,
0,0.0,,
0,0.0,,
0,0.0,,
0,0.0,,
0,0.0,,
0,0.0,,
0,0.0,,
0,0.0,,
0,0.0,,
0,0.0,,
0,0.0,,
0,2.0,,
0,0.0,,
0,0.0,,
0,0.0,,
0,0.0,,
0,2.5,,
0,2.3,,
0,0.5,,
1,0.0,,
1,0.0,,
1,0.0,,
1,0.0,,
1,0.0,,
1,0.0,,
1,0.0,,
1,0.8,,
1,14.7,,
1,0.0,,
1,0.0,,
1,0.0,,
1,0.0,,
1,0.0,,
1,0.0,,
1,1.0,,
1,0.0,,
1,1.0,,
1,10.9,,
1,0.5,,
1,0.0,,
1,0.0,,
1,0.0,,
1,0.0,,
1,0.0,,
1,0.0,,
1,0.0,,
1,0.0,,
1,0.0,,
2,0.0,,
2,0.0,,
2,55.4,,
2,32.8,,
2,,,
2,11.7,,
2,0.0,,
2,0.0,,
2,0.0,,
2,0.0,,
2,0.0,,
2,0.0,,
2,0.0,,
2,0.0,,
2,3.8,,
2,27.7,,
2,16.0,,
2,0.8,,
2,8.9,,
2,8.9,,
3,6.1,,
3,35.1,,
3,0.0,,
3,0.0,,
3,0.0,,
3,0.0,,
3,0.0,,
3,0.0,,
3,2.0,,
3,7.1,,
3,21.1,,
3,8.6,,
3,22.4,,
3,1.3,,
3,18.0,,
3,0.5,,
3,0.0,,
3,59.2,,
3,3.3,,
3,3.8,,
3,0.0,,
3,0.0,,
3,0.0,,
3,0.0,,
3,0.0,,
3,0.0,,
3,10.2,,
3,0.5,,
3,8.1,,
3,0.0,,
3,0.0,,
3,1.3,,
3,13.0,,
3,1.0,,
3,0.0,,
3,9.7,,
3,0.0,,
3,50.8,,
3,2.5,,
3,0.8,,
3,1.8,,
3,11.4,,
3,17.8,,
3,3.0,,
3,1.8,,
3,35.1,,
3,17.8,,
3,0.0,,
3,0.0,,
3,8.6,,
3,0.0,,
3,0.3,,
3,0.0,,
3,7.9,,
3,0.0,,
3,0.0,,
3,0.8,,
3,20.8,,
3,0.3,,
3,0.0,,
3,0.0,,
3,0.0,,
3,1.5,,
3,0.0,,
3,41.1,,
3,0.0,,
3,0.0,,
3,15.7,,
3,0.3,,
3,0.8,,
3,0.0,,
3,0.0,,
3,0.0,,
3,2.8,,
3,4.6,,
3,10.2,,
3,4.6,,
3,0.0,,
3,0.0,,
3,0.0,,
3,35.1,,
3,0.8,,
3,0.0,,
3,0.0,,
3,0.0,,
3,0.0,,
3,0.0,,
3,2.0,,
3,17.3,,
3,5.1,,
3,34.0,,
3,0.0,,
3,24.4,,
3,0.8,,
3,0.0,,
3,0.5,,
3,1.3,,
3,2.3,,
3,3.3,,
3,1.5,,
3,0.0,,
3,0.5,,
3,0.0,,
3,0.5,,
3,0.0,,
3,7.1,,
3,27.4,,
3,0.5,,
3,46.0,,
3,0.0,,
3,1.5,,
3,12.2,,
3,2.5,,
3,14.7,,
3,0.0,,
3,66.8,,
3,45.7,,
3,82.8,,
3,7.1,,
2,24.9,,
2,0.8,,
2,0.0,,
2,30.0,,
2,2.0,,
2,0.0,,
2,0.0,,
2,1.5,,
2,0.0,,
2,0.0,,
2,0.0,,
2,0.0,,
2,0.0,,
2,0.0,,
2,5.8,,
2,0.8,,
2,0.0,,
2,0.0,,
2,0.0,,
2,0.0,,
2,0.0,,
2,0.0,,
2,0.0,,
2,0.0,,
2,0.0,,
2,0.0,,
2,0.0,,
2,0.0,,
2,0.0,,
2,0.0,,
2,0.0,,
2,0.0,,
2,0.0,,
2,0.0,,
2,0.0,,
2,0.0,,
2,0.0,,
2,0.0,,
2,0.0,,
2,24.6,,
2,0.0,,
2,0.0,,
2,0.0,,
2,0.0,,
2,0.8,,
2,0.3,,
2,0.0,,
2,33.8,,
2,0.3,,
2,0.0,,
2,0.0,,
2,0.0,,
2,0.5,,
2,0.0,,
2,1.0,,
2,39.9,,
2,1.8,,
2,0.0,,
2,0.0,,
2,0.0,,
1,0.0,,
1,0.0,,
1,0.8,,
1,0.0,,
1,0.5,,
1,0.0,,
1,0.0,,
1,3.8,,
1,0.5,,
1,0.0,,
1,0.0,,
1,0.0,,
1,0.0,,
1,0.0,,
1,0.0,,
1,0.5,,
1,0.0,,
1,0.0,,
1,0.0,,
1,0.0,,
1,0.0,,
1,0.3,,
1,0.0,,
1,5.3,,
1,0.0,,
1,0.0,,
1,0.0,,
1,0.5,,
1,4.1,,
0,32.8,,
0,0.0,,
0,0.0,,
0,16.5,,
0,7.6,,
0,6.6,,
0,0.0,,
0,25.7,,
0,57.7,,
0,0.0,,
0,3.8,,
0,0.0,,
1,0.0,,
1,45.5,,
1,0.3,,
1,45.7,,
1,8.1,,
1,0.0,,
1,0.0,,
2,0.0,,
2,26.9,,
2,0.0,,
2,0.0,,
2,1.3,,
2,15.2,,
2,38.6,,
2,37.3,,
2,37.3,,
2,0.0,,
2,0.0,,
2,0.0,,
2,0.0,,
2,0.0,,
2,0.0,,
2,18.0,,
2,6.4,,
2,5.3,,
2,56.1,,
2,111.8,,
2,10.9,,
2,15.2,,
2,0.0,,
2,0.0,,
3,0.0,,
3,0.0,,
3,0.0,,
3,0.0,,
3,0.0,,
3,0.0,,
3,0.0,,
3,0.0,,
3,0.0,,
3,9.7,,
3,1.8,,
3,10.2,,
3,30.0,,
3,5.6,,
3,,,
3,37.1,,
3,0.3,,
3,0.0,,
3,0.0,,
3,,,
3,0.0,,
3,0.0,,
3,0.0,,
3,0.3,,
3,0.0,,
3,0.0,,
3,0.0,,
3,0.0,,
2,1.8,,
2,0.0,,
2,0.0,,
2,0.0,,
2,0.0,,
2,4.1,,
2,15.7,,
2,0.0,,
2,0.0,,
2,0.0,,
2,,,
2,0.3,,
2,0.0,,
2,0.0,,
2,13.2,,
2,,,
2,0.0,,
2,3.3,,
2,39.9,,
2,0.5,,
2,,,
2,42.9,,
2,0.5,,
2,4.8,,
2,0.0,,
2,0.0,,
3,0.0,,
3,0.0,,
3,0.0,,
3,0.0,,
3,0.0,,
3,0.0,,
3,,,
3,20.3,,
3,10.4,,
3,,,
3,10.9,,
3,0.0,,
3,2.3,,
3,0.0,,
3,,,
3,29.0,,
3,0.0,,
3,6.4,,
3,3.6,,
3,54.4,,
3,82.0,,
3,,,
3,0.0,,
3,0.0,,
3,0.0,,
3,0.0,,
3,0.0,,
3,0.0,,
3,0.0,,
3,0.0,,
3,0.0,,
3,0.0,,
3,0.0,,
3,0.0,,
3,0.0,,
3,0.0,,
3,0.0,,
3,0.0,,
3,0.0,,
3,0.0,,
3,0.0,,
3,0.0,,
1,0.0,,
1,0.0,,
1,0.0,,
1,0.0,,
1,0.0,,
1,0.0,,
1,11.4,,
1,0.0,,
1,0.0,,
1,0.0,,
1,0.0,,
1,0.0,,
1,0.5,,
1,0.0,,
1,0.0,,
1,0.0,,
1,0.0,,
1,0.0,,
1,0.0,,
1,0.0,,
1,0.0,,
1,0.0,,
1,0.0,,
1,0.0,,
1,0.0,,
1,0.0,,
1,0.0,,
1,0.0,,
1,94.7,,
1,8.4,,
2,10.2,,
2,30.7,,
2,1.0,,
2,46.2,,
2,0.0,,
2,0.5,,
2,0.0,,
2,16.5,,
2,0.0,,
2,13.7,,
2,25.9,,
2,29.0,,
2,,,
2,0.3,,
2,17.8,,
2,0.0,,
2,0.0,,
2,13.7,,
2,0.0,,
2,13.2,,
2,0.0,,
2,0.0,,
2,,,
2,0.3,,
2,0.0,,
2,0.5,,
2,4.3,,
2,22.1,,
3,30.5,,
3,66.3,,
3,79.2,,
3,3.3,,
3,0.0,,
3,0.5,,
3,0.0,,
3,0.3,,
3,5.8,,
3,0.5,,
3,18.8,,
3,1.3,,
3,22.1,,
3,3.3,,
3,7.6,,
3,1.0,,
3,0.3,,
3,0.0,,
3,0.0,,
3,1.0,,
3,0.3,,
3,0.0,,
3,10.4,,
3,0.5,,
3,,,
3,0.0,,
3,0.0,,
3,0.0,,
3,1.0,,
3,,,
3,8.6,,
3,10.7,,
3,10.9,,
3,8.1,,
3,15.0,,
3,20.8,,
3,0.0,,
3,0.8,,
3,1.5,,
3,0.0,,
3,0.0,,
3,0.0,,
3,0.8,,
3,,,
3,3.0,,
3,3.6,,
3,,,
3,81.3,,
3,38.6,,
3,0.0,,
3,0.0,,
3,0.0,,
3,0.0,,
2,0.0,,
2,0.0,,
2,0.0,,
2,0.0,,
2,0.0,,
2,0.0,,
2,11.7,,
2,,,
2,0.0,,
2,99.8,,
0,0.0,,
0,0.3,,
0,0.0,,
0,1.0,,
0,0.0,,
0,0.0,,
0,0.0,,
0,0.0,,
0,0.0,,
0,0.0,,
0,0.0,,
0,0.0,,
0,0.0,,
0,0.0,,
0,0.0,,
0,0.0,,
0,0.0,,
0,0.0,,
0,0.0,,
0,0.0,,
0,0.0,,
0,7.4,,
0,0.0,,
0,0.0,,
0,8.6,,
0,3.6,,
0,0.0,,
0,0.0,,
0,0.0,,
0,0.0,,
0,0.0,,
0,12.7,,
0,0.3,,
0,0.0,,
0,0.0,,
0,5.6,,
0,0.0,,
0,0.0,,
0,0.0,,
0,0.0,,
0,0.0,,
0,0.0,,
0,0.0,,
0,0.0,,
0,0.0,,
0,0.0,,
0,0.0,,
0,0.0,,
0,0.0,,
0,0.0,,
0,0.0,,
0,5.3,,
0,52.6,,
0,1.0,,
0,0.0,,
0,0.0,,
0,0.0,,
0,0.0,,
0,0.0,,
0,1.8,,
0,0.0,,
1,0.0,,
1,0.0,,
1,0.0,,
1,0.0,,
1,0.0,,
1,0.0,,
1,0.0,,
1,0.0,,
1,0.0,,
1,0.0,,
1,0.0,,
1,0.0,,
1,0.0,,
1,0.0,,
1,0.0,,
1,0.0,,
1,30.5,,
1,0.0,,
1,0.0,,
1,0.0,,
1,0.0,,
1,0.0,,
1,0.0,,
1,0.0,,
1,3.3,,
1,0.0,,
1,0.0,,
1,6.1,,
1,1.0,,
1,0.0,,
1,0.0,,
2,0.0,,
2,22.6,,
2,2.3,,
2,0.3,,
2,1.8,,
2,3.0,,
2,39.4,,
2,27.9,,
2,20.6,,
2,0.0,,
2,0.0,,
2,0.0,,
2,0.0,,
2,0.0,,
2,0.0,,
2,0.0,,
2,0.0,,
2,0.0,,
2,0.0,,
2,0.0,,
2,8.1,,
2,0.5,,
2,10.9,,
2,34.5,,
2,93.2,,
2,26.2,,
2,15.5,,
2,0.0,,
2,0.0,,
2,0.0,,
3,0.0,,
3,0.0,,
3,0.0,,
3,0.0,,
3,0.0,,
3,0.0,,
3,0.0,,
3,0.5,,
3,0.8,,
3,8.1,,
3,23.9,,
3,25.4,,
3,0.0,,
3,11.9,,
3,0.0,,
3,14.7,,
3,7.1,,
3,7.6,,
3,0.0,,
3,0.0,,
3,0.0,,
3,39.9,,
3,10.4,,
3,0.8,,
3,0.0,,
3,0.8,,
3,0.0,,
3,0.3,,
3,0.0,,
3,0.0,,
3,0.0,,
2,2.0,,
2,0.5,,
2,0.0,,
2,0.0,,
2,0.0,,
2,6.9,,
2,47.2,,
2,0.5,,
2,0.0,,
2,0.0,,
2,0.0,,
2,0.0,,
2,40.1,,
2,1.3,,
2,4.8,,
2,,,
2,0.5,,
2,8.6,,
2,,,
3,0.0,,
3,0.0,,
2,0.0,,
2,0.0,,
2,0.0,,
2,0.0,,
2,0.0,,
2,0.0,,
2,0.0,,
2,0.0,,
2,0.0,,
2,0.0,,
2,0.0,,
2,0.0,,
2,0.0,,
2,0.0,,
2,14.0,,
2,0.0,,
2,0.0,,
2,0.0,,
2,0.0,,
2,0.0,,
2,0.0,,
2,0.0,,
2,0.0,,
2,0.0,,
2,6.6,,
2,0.0,,
2,0.0,,
2,0.0,,
2,0.0,,
2,0.5,,
2,0.0,,
2,0.0,,
2,0.0,,
2,0.0,,
2,0.0,,
2,0.0,,
2,0.3,,
2,0.0,,
2,0.0,,
2,0.5,,
2,8.4,,
2,0.3,,
2,0.0,,
0,0.0,,
0,0.0,,
0,0.0,,
0,0.0,,
0,0.0,,
0,0.0,,
0,0.0,,
0,0.0,,
0,0.0,,
0,0.0,,
0,0.0,,
0,0.0,,
0,9.7,,
0,0.0,,
0,0.0,,
0,0.0,,
0,0.0,,
0,0.0,,
0,0.0,,
0,0.0,,
0,0.0,,
0,0.0,,
0,0.0,,
0,2.8,,
0,5.3,,
0,0.0,,
1,0.0,,
1,0.0,,
1,0.0,,
1,0.0,,
1,0.0,,
1,0.0,,
1,0.0,,
1,0.0,,
1,30.7,,
1,0.0,,
1,0.0,,
1,0.0,,
1,0.0,,
1,0.0,,
1,0.5,,
1,0.0,,
1,1.3,,
1,8.6,,
1,0.5,,
1,0.0,,
1,0.0,,
1,0.0,,
1,0.0,,
1,0.0,,
1,0.0,,
1,0.0,,
1,0.0,,
1,0.0,,
2,0.0,,
2,0.0,,
2,83.8,,
2,29.5,,
2,0.0,,
2,0.0,,
2,0.0,,
2,0.0,,
2,0.0,,
2,0.0,,
2,0.0,,
2,0.0,,
2,0.0,,
2,0.0,,
2,23.9,,
2,1.0,,
2,0.0,,
2,0.0,,
2,0.0,,
2,0.0,,
2,0.0,,
2,0.0,,
2,0.0,,
2,0.0,,
2,3.0,,
2,6.9,,
2,14.5,,
2,9.1,,
2,0.0,,
3,3.3,,
3,34.5,,
3,0.0,,
3,0.0,,
3,0.0,,
3,0.0,,
3,0.0,,
3,2.5,,
3,0.0,,
3,0.8,,
3,8.4,,
3,2.5,,
3,5.1,,
3,7.4,,
3,0.0,,
3,0.5,,
3,0.0,,
3,59.7,,
3,0.0,,
3,0.0,,
3,0.0,,
3,0.0,,
3,0.0,,
3,0.0,,
3,14.5,,
3,0.8,,
3,1.3,,
3,9.1,,
3,0.5,,
3,28.2,,
3,34.0,,
3,0.0,,
3,0.0,,
3,0.0,,
3,0.0,,
3,0.0,,
3,0.3,,
3,0.0,,
3,0.0,,
3,0.0,,
3,1.0,,
3,9.9,,
3,0.0,,
3,0.0,,
3,0.0,,
3,9.7,,
3,0.0,,
3,4.8,,
3,0.0,,
3,8.6,,
3,0.0,,
3,0.0,,
3,0.0,,
3,4.6,,
3,0.8,,
3,18.8,,
3,0.0,,
3,2.5,,
3,0.0,,
3,0.0,,
3,0.0,,
3,0.0,,
3,0.0,,
3,0.0,,
3,0.0,,
3,0.0,,
3,0.0,,
3,0.0,,
3,0.0,,
3,12.4,,
3,3.6,,
3,0.0,,
3,14.7,,
3,21.1,,
3,5.1,,
3,0.0,,
3,0.0,,
3,0.8,,
3,0.0,,
3,10.4,,
3,0.0,,
3,0.0,,
3,0.0,,
3,0.0,,
3,4.1,,
3,14.7,,
3,37.8,,
3,0.5,,
3,0.0,,
3,24.9,,
3,16.8,,
3,4.3,,
3,5.8,,
3,71.1,,
3,41.9,,
3,26.7,,
3,17.3,,
2,20.1,,
2,0.0,,
2,0.0,,
2,20.6,,
2,0.8,,
2,0.0,,
2,0.0,,
2,0.0,,
2,0.0,,
2,0.0,,
2,0.0,,
2,0.0,,
2,0.0,,
2,10.2,,
2,49.8,,
2,0.5,,
2,0.0,,
2,0.0,,
2,0.0,,
2,0.0,,
2,0.0,,
2,0.0,,
2,0.0,,
2,0.0,,
2,0.0,,
2,0.0,,
2,0.0,,
2,0.0,,
2,0.0,,
2,1.3,,
2,0.0,,
2,0.0,,
2,0.0,,
2,0.0,,
2,0.0,,
2,0.0,,
2,0.0,,
2,0.0,,
2,19.6,,
2,0.0,,
2,0.0,,
2,0.0,,
2,0.0,,
2,0.0,,
2,0.0,,
2,0.0,,
2,0.0,,
2,35.1,,
2,0.3,,
2,0.0,,
2,0.0,,
2,1.8,,
2,0.5,,
2,0.0,,
2,18.3,,
2,24.6,,
2,0.8,,
2,0.0,,
2,0.0,,
2,0.0,,
1,0.0,,
1,0.8,,
1,0.5,,
1,0.0,,
1,0.0,,
1,0.0,,
1,0.0,,
1,0.3,,
1,2.0,,
1,0.0,,
1,0.0,,
1,0.0,,
1,0.0,,
1,0.0,,
1,0.0,,
1,0.0,,
1,0.0,,
1,0.0,,
1,0.0,,
1,0.0,,
1,0.0,,
1,2.8,,
1,0.0,,
1,0.0,,
1,2.5,,
1,0.0,,
1,0.0,,
1,0.0,,
1,0.0,,
1,0.0,,
1,8.6,,
0,0.0,,
0,0.0,,
0,0.0,,
0,3.8,,
0,0.0,,
0,0.0,,
0,0.0,,
0,0.0,,
0,0.0,,
0,0.3,,
0,0.0,,
0,0.0,,
0,0.0,,
0,0.0,,
0,0.0,,
0,0.0,,
0,0.0,,
0,0.0,,
0,0.0,,
0,0.0,,
0,0.0,,
0,23.9,,
0,1.8,,
0,0.0,,
0,9.7,,
0,4.1,,
0,0.0,,
0,0.0,,
0,0.0,,
0,0.0,,
0,14.0,,
0,0.0,,
0,0.0,,
0,0.0,,
0,4.1,,
0,0.0,,
0,0.0,,
0,0.0,,
0,0.0,,
0,0.0,,
0,0.0,,
0,0.0,,
0,0.0,,
0,0.0,,
0,0.0,,
0,0.0,,
0,0.0,,
0,0.0,,
0,0.0,,
0,0.0,,
0,14.5,,
0,39.1,,
0,1.8,,
0,0.0,,
0,0.0,,
0,0.0,,
0,0.0,,
0,0.0,,
0,0.3,,
0,0.0,,
1,0.0,,
1,0.0,,
1,0.0,,
1,0.0,,
1,0.0,,
1,0.0,,
1,0.0,,
1,0.0,,
1,0.0,,
1,0.0,,
1,0.0,,
1,0.0,,
1,0.0,,
1,0.0,,
1,0.0,,
1,0.0,,
1,37.1,,
1,0.0,,
1,0.0,,
1,0.0,,
1,0.0,,
1,0.0,,
1,0.0,,
1,1.0,,
1,0.3,,
1,0.0,,
1,0.0,,
1,10.9,,
1,0.0,,
1,0.0,,
1,0.0,,
2,3.8,,
2,69.3,,
2,1.5,,
2,0.0,,
2,0.0,,
2,14.2,,
2,36.1,,
2,37.3,,
2,34.3,,
2,0.0,,
2,1.5,,
2,0.0,,
2,0.0,,
2,0.0,,
2,0.0,,
2,19.3,,
2,0.0,,
2,0.0,,
2,0.0,,
2,0.0,,
2,9.4,,
2,2.5,,
2,17.0,,
2,30.7,,
2,102.4,,
2,66.5,,
2,45.0,,
2,0.0,,
2,0.0,,
2,0.0,,
3,0.0,,
3,0.0,,
3,0.0,,
3,0.0,,
3,6.6,,
3,15.2,,
3,0.0,,
3,0.0,,
3,0.0,,
3,1.8,,
3,17.3,,
3,46.5,,
3,0.0,,
3,37.1,,
3,5.6,,
3,27.4,,
3,8.4,,
3,14.2,,
3,0.0,,
3,0.0,,
3,0.0,,
3,27.4,,
3,9.1,,
3,0.3,,
3,0.0,,
3,0.0,,
3,0.0,,
3,0.0,,
3,0.0,,
3,0.0,,
3,0.3,,
2,0.0,,
2,1.8,,
2,0.0,,
2,0.0,,
2,0.0,,
2,0.0,,
2,98.8,,
2,0.3,,
2,0.0,,
2,0.0,,
2,0.0,,
2,2.5,,
2,5.6,,
2,0.3,,
2,0.3,,
2,0.0,,
2,3.0,,
2,0.0,,
2,7.1,,
2,9.1,,
2,6.1,,
2,45.2,,
2,1.3,,
2,0.0,,
2,0.0,,
2,0.0,,
2,27.4,,
2,9.1,,
2,4.8,,
2,0.5,,
2,0.0,,
3,0.0,,
3,0.0,,
3,0.0,,
3,0.0,,
3,0.0,,
3,0.0,,
3,1.8,,
3,6.1,,
3,6.4,,
3,28.2,,
3,0.0,,
3,0.0,,
3,3.0,,
3,0.0,,
3,0.3,,
3,0.0,,
3,16.5,,
3,0.0,,
3,9.9,,
3,0.8,,
3,6.1,,
3,0.5,,
3,2.3,,
3,0.0,,
3,0.0,,
3,0.0,,
3,5.8,,
3,0.3,,
3,1.3,,
3,0.0,,
3,0.0,,
3,0.5,,
3,10.4,,
3,8.6,,
3,105.4,,
3,0.0,,
3,0.0,,
3,0.3,,
3,0.0,,
3,0.0,,
3,0.0,,
3,0.0,,
3,0.0,,
3,0.0,,
3,0.0,,
3,0.0,,
3,0.0,,
3,0.0,,
3,0.0,,
3,0.0,,
3,0.0,,
3,0.0,,
3,0.0,,
3,1.3,,
3,0.0,,
3,0.5,,
3,0.0,,
3,0.0,,
3,0.0,,
3,0.0,,
3,0.0,,
1,0.0,,
1,0.8,,
1,0.0,,
1,0.0,,
1,0.0,,
1,0.0,,
1,4.6,,
1,0.0,,
1,0.0,,
1,0.0,,
1,0.0,,
1,0.0,,
1,0.3,,
1,0.0,,
1,0.0,,
1,0.0,,
1,0.0,,
1,0.0,,
1,0.0,,
1,0.0,,
1,0.0,,
1,0.0,,
1,0.0,,
1,0.0,,
1,0.0,,
1,0.0,,
1,0.0,,
1,0.0,,
1,0.0,,
1,0.0,,
0,0.0,,
0,0.0,,
0,0.0,,
0,5.1,,
0,0.0,,
0,0.0,,
0,0.0,,
0,0.3,,
0,0.0,,
0,0.0,,
0,0.0,,
0,0.0,,
0,0.0,,
0,0.0,,
0,0.0,,
0,0.0,,
0,0.0,,
0,1.3,,
0,0.8,,
0,0.0,,
0,0.0,,
0,0.0,,
0,0.0,,
0,0.0,,
0,0.0,,
0,0.0,,
0,0.0,,
0,0.0,,
0,0.0,,
0,0.0,,
0,2.3,,
1,0.0,,
1,0.0,,
1,0.0,,
1,10.4,,
1,84.3,,
1,0.0,,
1,0.0,,
1,0.0,,
1,0.0,,
1,0.0,,
1,0.0,,
1,0.0,,
1,0.0,,
1,0.0,,
1,0.3,,
1,0.0,,
1,0.0,,
1,0.0,,
1,8.4,,
1,0.5,,
1,0.8,,
1,9.9,,
1,11.9,,
1,0.0,,
1,0.0,,
1,0.0,,
1,0.0,,
1,0.0,,
1,0.0,,
1,0.0,,
2,18.0,,
2,37.8,,
2,1.3,,
2,0.0,,
2,0.0,,
2,0.0,,
2,0.0,,
2,0.0,,
2,0.0,,
2,0.0,,
2,0.0,,
2,0.0,,
2,0.0,,
2,0.0,,
2,0.0,,
2,0.0,,
2,0.0,,
2,0.0,,
2,0.0,,
2,0.0,,
2,5.3,,
2,13.0,,
2,0.0,,
2,0.0,,
2,0.0,,
2,0.0,,
2,0.0,,
2,0.0,,
2,7.9,,
2,6.9,,
2,1.0,,
2,8.6,,
2,46.5,,
2,9.4,,
2,25.7,,
2,8.4,,
2,42.7,,
2,32.8,,
2,0.0,,
2,95.8,,
2,31.5,,
2,1.8,,
2,0.8,,
2,0.3,,
2,0.0,,
2,0.0,,
2,21.1,,
2,2.3,,
2,0.0,,
2,0.0,,
2,16.8,,
2,0.5,,
2,0.5,,
2,0.0,,
2,5.3,,
2,0.0,,
2,0.5,,
2,2.3,,
2,0.3,,
2,0.0,,
2,13.7,,
3,12.2,,
3,28.4,,
3,38.4,,
3,15.5,,
3,1.5,,
3,8.6,,
3,0.0,,
3,1.5,,
3,2.8,,
3,0.0,,
3,4.6,,
3,3.6,,
3,46.0,,
3,2.0,,
3,16.0,,
3,7.1,,
3,2.5,,
3,3.8,,
3,10.9,,
3,1.5,,
3,1.3,,
3,0.0,,
3,0.0,,
3,0.0,,
3,1.0,,
3,51.3,,
3,0.3,,
3,0.0,,
3,37.6,,
3,0.0,,
3,0.0,,
3,0.8,,
3,0.8,,
3,0.0,,
3,0.0,,
3,4.1,,
3,0.0,,
3,18.3,,
3,22.1,,
3,17.0,,
3,4.6,,
3,0.0,,
3,0.0,,
3,0.0,,
3,0.0,,
3,5.6,,
3,11.9,,
3,19.1,,
3,5.3,,
3,10.4,,
3,25.7,,
3,4.8,,
3,2.8,,
3,11.4,,
3,0.0,,
3,19.6,,
3,1.3,,
3,12.4,,
3,0.0,,
3,0.0,,
3,39.6,,
3,0.0,,
3,0.0,,
3,1.8,,
3,2.8,,
3,14.5,,
3,0.5,,
3,1.8,,
3,6.1,,
3,0.0,,
3,0.0,,
3,0.0,,
3,0.0,,
3,6.6,,
3,0.0,,
3,0.0,,
3,79.8,,
3,5.3,,
3,26.4,,
3,1.0,,
3,13.7,,
3,0.0,,
3,0.0,,
3,0.0,,
3,80.3,,
3,54.6,,
3,32.3,,
3,0.5,,
3,0.0,,
3,0.0,,
3,0.0,,
2,1.0,,
2,0.0,,
2,0.0,,
2,0.0,,
2,0.0,,
2,0.0,,
2,3.6,,
2,12.4,,
2,1.5,,
2,0.0,,
2,0.0,,
2,0.0,,
2,0.0,,
2,0.0,,
2,0.0,,
2,0.0,,
2,0.0,,
2,0.0,,
2,0.0,,
2,1.3,,
2,0.0,,
2,0.0,,
2,8.6,,
2,0.0,,
2,0.0,,
2,0.0,,
2,0.0,,
2,0.0,,
2,0.0,,
2,0.0,,
2,0.0,,
2,0.0,,
2,0.8,,
2,8.1,,
2,0.0,,
2,0.0,,
2,1.0,,
2,0.0,,
2,0.0,,
2,0.0,,
2,0.0,,
2,0.0,,
2,0.0,,
2,0.3,,
2,0.0,,
2,0.0,,
2,1.0,,
2,0.5,,
2,0.0,,
2,2.5,,
2,0.0,,
2,1.3,,
2,0.0,,
2,0.3,,
2,0.0,,
2,0.0,,
2,1.5,,
2,18.3,,
2,1.8,,
2,0.0,,
2,0.0,,
0,0.0,,
0,0.0,,
0,0.0,,
0,0.0,,
0,0.0,,
0,0.0,,
0,0.0,,
0,0.0,,
0,0.0,,
0,0.0,,
0,0.0,,
0,0.0,,
0,0.0,,
0,0.0,,
0,0.3,,
0,14.7,,
0,0.0,,
0,0.0,,
0,0.0,,
0,0.0,,
0,0.0,,
0,0.0,,
0,0.0,,
0,0.0,,
0,0.0,,
0,0.0,,
0,0.0,,
0,0.0,,
0,2.0,,
0,4.3,,
0,0.0,,
1,0.0,,
1,0.0,,
1,0.0,,
1,0.0,,
1,0.0,,
1,0.0,,
1,0.0,,
1,0.0,,
1,12.4,,
1,0.0,,
1,0.0,,
1,0.0,,
1,0.0,,
1,0.0,,
1,0.0,,
1,0.5,,
1,0.0,,
1,2.8,,
1,8.4,,
1,0.0,,
1,0.0,,
1,0.0,,
1,0.0,,
1,0.0,,
1,0.0,,
1,0.0,,
1,0.0,,
1,0.0,,
1,0.0,,
1,0.0,,
2,0.0,,
2,0.0,,
2,120.1,,
2,21.6,,
2,0.0,,
2,0.0,,
2,0.0,,
2,0.0,,
2,0.0,,
2,0.0,,
2,0.0,,
2,0.0,,
2,0.0,,
2,0.0,,
2,9.9,,
2,0.0,,
2,0.0,,
2,0.0,,
2,0.0,,
2,0.0,,
2,0.0,,
2,0.0,,
2,0.0,,
2,0.0,,
2,0.0,,
2,0.0,,
2,23.6,,
2,0.3,,
2,15.5,,
2,14.2,,
2,26.7,,
3,0.3,,
3,14.5,,
3,0.0,,
3,0.0,,
3,0.0,,
3,0.0,,
3,0.0,,
3,0.0,,
3,0.0,,
3,0.0,,
3,8.6,,
3,15.5,,
3,4.6,,
3,19.1,,
3,0.3,,
3,0.0,,
3,7.1,,
3,0.0,,
3,14.5,,
3,19.3,,
3,0.3,,
3,0.0,,
3,0.0,,
3,0.0,,
3,0.0,,
3,0.0,,
3,0.0,,
3,59.9,,
3,0.0,,
3,0.0,,
3,1.8,,
3,0.0,,
3,0.0,,
3,17.0,,
3,0.3,,
3,0.0,,
3,21.3,,
3,2.0,,
3,2.5,,
3,13.7,,
3,5.3,,
3,4.8,,
3,4.8,,
3,3.6,,
3,2.0,,
3,7.4,,
3,42.7,,
3,0.3,,
3,0.0,,
3,0.0,,
3,0.0,,
3,16.3,,
3,0.0,,
3,0.0,,
3,2.5,,
3,13.0,,
3,0.3,,
3,0.0,,
3,0.0,,
3,34.5,,
3,0.0,,
3,0.0,,
3,0.0,,
3,1.5,,
3,1.3,,
3,8.9,,
3,0.0,,
3,0.3,,
3,0.0,,
3,1.3,,
3,9.1,,
3,0.0,,
3,0.0,,
3,0.0,,
3,6.1,,
3,7.1,,
3,8.4,,
3,19.1,,
3,0.0,,
3,0.8,,
3,0.0,,
3,0.0,,
3,22.1,,
3,0.0,,
3,0.0,,
3,0.0,,
3,0.0,,
3,0.0,,
3,0.0,,
3,0.0,,
3,0.0,,
3,6.9,,
3,0.0,,
3,37.6,,
3,0.0,,
3,31.0,,
3,0.0,,
3,0.0,,
3,0.0,,
3,0.0,,
3,0.0,,
3,0.0,,
3,0.0,,
3,0.0,,
3,0.0,,
3,0.0,,
3,3.3,,
3,0.0,,
3,13.0,,
3,19.1,,
3,0.0,,
3,36.6,,
3,1.3,,
3,0.0,,
3,13.5,,
3,7.4,,
3,0.5,,
3,0.8,,
3,116.1,,
3,50.8,,
3,69.1,,
3,16.5,,
2,18.3,,
2,0.0,,
2,0.0,,
2,3.8,,
2,4.3,,
2,0.0,,
2,0.0,,
2,0.0,,
2,0.0,,
2,0.0,,
2,0.0,,
2,0.0,,
2,0.0,,
2,0.0,,
2,12.2,,
2,0.0,,
2,0.0,,
2,0.0,,
2,0.0,,
2,0.0,,
2,0.0,,
2,0.0,,
2,0.0,,
2,0.0,,
2,0.0,,
2,0.0,,
2,0.0,,
2,0.0,,
2,0.0,,
2,0.0,,
2,0.0,,
2,0.0,,
2,0.0,,
2,0.0,,
2,0.0,,
2,0.0,,
2,0.0,,
2,0.0,,
2,0.0,,
2,19.3,,
2,0.0,,
2,0.0,,
2,0.0,,
2,0.0,,
2,0.0,,
2,0.0,,
2,0.0,,
2,0.0,,
2,41.9,,
2,0.0,,
2,0.0,,
2,0.0,,
2,0.0,,
2,0.3,,
2,0.0,,
2,43.4,,
2,45.0,,
2,0.5,,
2,0.0,,
2,0.0,,
2,0.0,,
1,0.0,,
1,1.3,,
1,0.0,,
1,0.0,,
1,0.0,,
1,0.0,,
1,0.0,,
1,0.0,,
1,4.1,,
1,0.0,,
1,0.0,,
1,0.0,,
1,0.0,,
1,0.0,,
1,0.0,,
1,0.0,,
1,0.3,,
1,0.0,,
1,0.0,,
1,0.0,,
1,0.0,,
1,2.5,,
1,0.0,,
1,0.0,,
1,8.9,,
1,0.0,,
1,0.0,,
1,0.0,,
1,0.0,,
1,0.0,,
1,4.6,,
3,4.1,,
3,1.8,,
3,43.2,,
3,0.5,,
3,0.0,,
3,0.0,,
3,0.0,,
3,0.0,,
3,0.5,,
3,1.3,,
3,7.9,,
3,27.4,,
3,21.8,,
3,0.8,,
3,,,
3,,,
3,,,
3,21.6,,
3,,,
3,49.0,,
2,,,
2,,,
2,0.5,,
2,,,
2,9.4,,
2,,,
1,,,
1,,,
1,21.8,,
1,,,
1,0.8,,
1,,,
1,,,
2,,,
2,0.0,,
2,104.4,,
2,18.8,,
2,,,
2,28.2,,
2,3.0,,
2,,,
2,,,
2,,,
3,,,
3,,,
3,0.0,,
3,8.9,,
3,18.3,,
3,,,
3,0.3,,
3,2.3,,
3,0.0,,
3,59.4,,
3,,,
3,,,
3,,,
3,,,
3,,,
3,,,
3,1.5,,
3,,,
3,,,
3,0.5,,
3,,,
3,6.4,,
3,,,
3,0.3,,
3,4.8,,
3,,,
3,,,
3,,,
2,,,
2,0.5,,
2,22.9,,
2,9.4,,
2,,,
2,,,
2,57.4,,
2,,,
2,38.9,,
2,,,
2,,,
2,42.2,,
1,,,
1,,,
1,4.1,,
1,0.0,,
1,0.0,,
1,0.0,,
1,0.0,,
1,13.2,,
1,0.3,,
1,2.3,,
1,11.4,,
1,0.3,,
2,61.0,,
2,14.0,,
2,0.0,,
2,5.6,,
2,1.3,,
2,0.0,,
2,29.5,,
2,0.3,,
2,0.8,,
2,16.0,,
2,7.4,,
3,0.0,,
3,24.9,,
3,4.1,,
3,9.4,,
3,7.6,,
3,24.4,,
3,1.3,,
3,48.5,,
3,2.3,,
3,26.4,,
3,3.3,,
3,1.3,,
3,57.2,,
3,1.3,,
3,16.5,,
3,0.8,,
3,4.1,,
3,10.2,,
3,4.3,,
3,7.4,,
3,17.3,,
3,11.4,,
3,21.6,,
3,16.3,,
3,12.7,,
3,12.4,,
3,1.0,,
3,2.0,,
3,29.0,,
3,1.0,,
3,0.8,,
3,4.3,,
3,21.1,,
3,8.9,,
3,16.3,,
3,22.9,,
3,0.0,,
3,1.3,,
3,4.3,,
3,2.8,,
3,20.3,,
3,0.5,,
3,7.9,,
3,1.5,,
3,0.5,,
3,6.9,,
3,17.8,,
3,28.7,,
3,55.9,,
3,0.5,,
3,7.6,,
3,8.6,,
3,2.3,,
3,0.3,,
3,55.6,,
3,48.3,,
3,58.7,,
3,9.1,,
2,23.6,,
2,15.2,,
2,12.4,,
2,19.6,,
2,0.5,,
2,36.6,,
2,,,
1,0.3,,
1,0.0,,
1,1.5,,
1,1.8,,
1,0.0,,
0,0.0,31.1,13.9
0,0.0,31.1,13.9
0,0.0,31.1,16.1
0,0.0,23.9,13.3
0,0.0,25.0,1.7
0,0.0,26.7,1.7
0,0.0,28.9,13.9
0,0.0,30.0,15.6
0,7.1,29.4,16.7
0,0.0,29.4,15.6
0,0.0,27.8,18.9
0,0.0,28.3,17.2
0,0.0,28.3,13.9
0,0.0,28.9,12.2
0,0.0,29.4,12.2
0,0.0,29.4,14.4
0,0.0,29.4,12.8
0,0.0,30.0,11.1
0,0.0,29.4,12.8
0,0.0,28.9,14.4
0,0.0,32.8,15.6
0,0.0,31.1,17.8
0,0.0,28.9,21.1
0,0.0,30.6,14.4
0,16.0,27.8,14.4
0,0.0,28.9,10.6
0,0.0,29.4,10.6
0,0.0,29.4,15.0
0,0.0,29.4,12.8
0,0.0,31.1,12.8
0,0.0,30.6,15.6
0,0.0,30.0,13.3
0,0.0,30.0,13.3
0,0.0,33.9,12.8
0,0.0,32.8,12.2
0,0.0,30.0,16.7
0,0.0,29.4,15.6
0,0.0,28.9,14.4
0,0.0,30.0,11.1
0,0.0,30.6,11.1
0,0.0,30.0,11.7
0,0.0,30.0,12.8
0,0.0,31.1,14.4
0,0.0,27.2,17.8
0,0.0,29.4,17.2
0,0.0,30.0,13.3
0,0.0,32.2,13.3
0,0.0,32.2,14.4
0,0.0,28.9,16.7
0,0.0,32.2,16.7
0,18.3,27.8,18.3
0,7.6,27.8,12.8
0,0.0,23.3,10.6
0,0.0,22.8,8.9
0,0.0,27.8,4.4
0,0.0,30.6,4.4
0,0.0,31.1,11.7
0,0.0,32.8,15.6
0,0.0,32.8,15.6
0,0.0,31.1,18.9
1,0.0,31.7,18.3
1,0.0,33.3,20.0
1,0.0,33.9,18.9
1,0.0,31.7,18.9
1,0.0,33.9,17.2
1,0.0,34.4,17.8
1,0.0,33.3,15.6
1,0.0,32.8,16.1
1,0.0,33.3,16.7
1,0.0,32.8,17.8
1,0.0,33.9,15.0
1,0.0,33.3,17.8
1,0.0,33.3,17.8
1,0.0,33.3,20.6
1,108.5,35.0,19.4
1,4.8,26.7,18.3
1,51.6,31.7,18.9
1,0.0,32.2,17.2
1,0.0,32.2,17.2
1,0.0,32.8,18.3
1,0.0,32.8,15.0
1,0.0,33.3,15.0
1,0.0,33.9,16.1
1,0.0,33.9,20.0
1,0.0,33.9,20.0
1,0.0,34.4,21.1
1,0.0,33.9,19.4
1,47.2,34.4,18.3
1,0.0,30.6,21.1
1,0.0,30.6,21.1
1,0.0,31.7,21.1
2,106.4,27.2,20.6
2,0.0,31.1,19.4
2,0.0,32.8,17.8
2,0.0,31.1,17.8
2,0.0,29.4,21.7
2,21.6,30.0,20.6
2,38.6,29.4,21.7
2,41.9,31.1,21.7
2,5.6,32.2,20.6
2,65.3,33.9,21.7
2,0.0,33.3,20.6
2,0.0,,
2,0.0,33.9,20.6
2,0.0,33.9,21.7
2,0.0,32.8,19.4
2,0.0,31.7,21.7
2,0.0,31.1,18.9
2,0.0,32.2,18.3
2,0.0,30.6,18.9
2,17.8,30.6,21.1
2,1.8,30.6,22.2
2,35.6,30.6,21.7
2,16.3,25.6,22.8
2,58.4,26.1,22.2
2,61.0,27.8,22.2
2,22.9,28.9,23.3
2,27.9,31.1,22.2
2,0.0,32.2,20.0
2,0.0,32.2,18.9
2,0.0,31.7,19.4
3,0.0,33.3,19.4
3,0.0,32.8,21.1
3,0.0,33.9,20.6
3,0.0,34.4,21.1
3,0.0,33.9,20.6
3,6.4,34.4,21.1
3,32.0,33.9,21.1
3,0.0,34.4,21.7
3,4.6,34.4,22.2
3,7.1,32.8,21.7
3,11.9,30.6,21.1
3,33.8,31.1,21.1
3,1.3,32.2,22.2
3,0.0,32.2,22.2
3,0.0,32.2,21.7
3,117.6,32.2,21.7
3,6.6,32.2,21.1
3,0.0,30.6,22.2
3,23.9,33.3,21.7
3,0.0,,
3,0.0,,
3,0.0,,
3,0.0,,
3,0.0,,
3,0.0,,
3,,34.4,23.3
3,10.9,34.4,22.2
3,0.0,33.3,22.2
3,0.0,33.3,22.2
3,0.0,33.3,21.7
3,0.0,33.3,21.1
2,5.6,31.7,21.1
2,0.0,33.3,21.7
2,70.1,33.9,20.6
2,5.1,33.9,21.1
2,43.2,33.3,22.8
2,11.9,32.8,22.8
2,0.0,32.8,22.8
2,0.0,33.9,23.3
2,0.0,34.4,21.7
2,11.4,33.3,21.7
2,29.0,32.2,22.2
2,50.0,33.3,21.7
2,0.0,32.8,23.3
2,0.0,32.8,22.8
2,3.3,32.8,23.3
2,11.2,27.8,23.3
2,0.0,32.2,22.8
2,12.7,32.8,22.2
2,7.9,32.8,21.7
2,65.3,31.7,21.1
2,0.0,32.2,20.6
2,0.0,32.8,21.7
2,0.0,31.7,21.7
2,2.8,28.3,23.3
2,59.4,28.9,23.3
2,14.2,31.1,23.3
2,3.8,32.2,22.2
2,0.0,33.3,23.3
2,0.0,33.3,23.3
3,0.0,33.3,22.8
3,0.0,31.7,20.6
3,0.0,31.7,19.4
3,4.3,32.8,19.4
3,0.0,32.2,20.6
3,34.3,32.2,20.6
3,0.0,31.7,21.1
3,0.0,32.2,21.1
3,6.4,27.2,23.3
3,1.3,31.1,22.2
3,0.0,31.7,22.2
3,0.0,31.1,21.1
3,0.0,31.1,21.1
3,2.8,31.7,22.2
3,0.0,31.7,22.2
3,10.4,31.1,22.2
3,0.0,32.2,21.7
3,6.4,31.1,22.2
3,0.0,31.1,21.1
3,0.0,30.6,22.2
3,0.0,30.0,21.1
3,20.3,30.6,21.1
3,0.0,32.2,20.6
3,0.0,28.3,20.0
3,0.0,29.4,17.8
3,0.0,32.2,18.9
3,0.0,32.2,20.6
3,0.0,32.8,20.6
3,0.0,32.2,21.1
3,0.0,33.3,20.6
3,0.0,31.7,21.7
3,21.6,31.7,21.7
3,2.3,32.2,22.2
3,60.7,32.8,22.2
3,12.4,32.2,21.1
3,14.7,31.1,21.7
3,0.0,30.6,20.6
3,10.9,31.1,20.6
3,0.0,30.6,20.0
3,0.0,30.6,20.6
3,0.0,29.4,17.2
3,0.0,30.0,17.2
3,0.0,29.4,17.8
3,0.0,31.1,18.9
3,0.0,31.1,18.9
3,0.0,30.0,18.3
3,0.0,27.8,18.3
3,0.0,32.2,18.3
3,0.0,31.1,16.7
3,0.0,28.9,17.2
3,0.0,28.9,12.2
3,0.0,29.4,12.2
3,6.6,27.8,16.7
3,0.0,30.0,17.8
3,0.0,28.9,20.6
3,0.0,29.4,21.1
3,0.0,25.6,18.9
3,0.0,25.0,17.2
3,0.0,20.0,10.0
3,0.0,20.0,5.0
3,0.0,22.8,6.7
1,0.0,25.0,12.2
1,0.0,26.1,8.9
1,0.0,28.3,8.3
1,0.0,28.3,12.8
1,0.0,25.0,14.4
1,0.0,,
1,0.0,23.9,10.6
1,0.0,23.9,5.6
1,0.0,23.3,5.0
1,0.0,25.0,8.9
1,0.0,27.2,11.7
1,0.0,27.8,15.0
1,0.0,27.2,15.6
1,0.0,25.6,4.4
1,0.0,21.1,16.7
1,0.0,20.6,13.9
1,0.0,26.7,12.8
1,0.0,23.9,15.6
1,0.0,19.4,7.2
1,0.0,23.9,12.8
1,0.0,22.8,10.6
1,0.0,22.8,5.6
1,0.0,22.2,2.2
1,0.0,23.9,5.0
1,0.0,21.7,2.8
1,0.0,26.1,3.9
1,0.0,28.3,11.7
1,0.0,25.0,11.7
1,0.0,25.0,10.6
1,0.0,26.7,12.2
0,0.0,26.1,8.9
0,0.0,28.3,10.6
0,0.0,27.8,13.3
0,3.3,19.4,13.3
0,0.0,25.0,13.3
0,0.0,28.3,16.1
0,0.0,21.1,15.6
0,0.0,28.3,15.6
0,0.0,30.6,18.9
0,0.0,28.3,18.9
0,0.0,28.3,15.6
0,0.0,28.9,17.2
0,0.0,28.3,16.7
0,0.0,28.3,14.4
0,0.0,28.3,11.1
0,0.0,28.9,13.3
0,0.0,23.9,12.2
0,0.0,20.0,3.9
0,0.0,25.0,11.7
0,0.0,23.9,13.9
0,2.0,22.8,12.8
0,0.0,18.9,7.8
0,0.0,22.2,3.9
0,0.0,23.3,1.1
0,0.0,25.0,4.4
0,0.0,23.9,3.9
0,0.0,23.9,3.9
0,0.0,27.2,13.3
0,0.0,27.2,13.3
0,0.0,28.9,16.7
0,0.0,21.1,10.0
1,0.0,28.9,13.9
1,0.0,30.6,14.4
1,0.0,31.7,15.6
1,49.5,26.1,17.2
1,11.4,22.8,17.2
1,0.0,26.1,13.3
1,0.0,27.8,14.4
1,0.0,28.9,13.9
1,0.0,28.9,14.4
1,0.0,31.7,15.0
1,44.2,31.7,17.8
1,0.0,30.6,20.6
1,0.0,31.1,21.1
1,0.0,31.7,21.1
1,0.0,31.7,17.8
1,0.0,31.7,18.3
1,0.0,30.6,17.8
1,2.8,31.7,17.2
1,6.1,31.1,20.0
1,0.0,27.2,18.3
1,0.0,29.4,15.6
1,9.9,26.1,18.9
1,0.0,28.3,17.8
1,0.0,30.0,14.4
1,0.0,30.0,13.3
1,0.0,29.4,9.4
1,0.0,28.9,17.2
1,0.0,30.0,15.6
1,0.0,30.6,19.4
1,0.0,30.6,17.8
2,103.6,23.3,18.3
2,0.0,23.3,13.9
2,0.0,29.4,16.7
2,0.0,27.2,19.4
2,0.0,25.6,17.2
2,0.0,25.0,12.2
2,0.0,26.1,9.4
2,0.0,27.2,10.0
2,0.0,29.4,11.7
2,0.0,32.8,11.7
2,0.0,31.7,17.8
2,0.0,31.7,17.8
2,0.0,28.9,18.3
2,0.0,29.4,11.1
2,0.0,30.0,12.2
2,0.0,31.1,15.0
2,0.0,33.3,16.1
2,0.0,33.9,16.7
2,0.0,34.4,17.2
2,4.1,34.4,19.4
2,2.8,32.2,17.8
2,0.0,32.2,17.8
2,0.0,33.9,17.8
2,0.0,35.0,17.8
2,0.0,32.8,19.4
2,0.0,31.7,14.4
2,0.0,32.8,16.1
2,11.9,32.8,20.0
2,4.3,30.6,20.6
2,0.0,30.6,21.7
2,5.8,30.6,21.7
2,0.0,32.8,21.7
2,2.3,32.8,21.1
2,6.6,30.0,21.7
2,0.0,28.3,22.2
2,0.0,29.4,22.8
2,79.8,26.1,22.2
2,2.8,30.6,20.6
2,69.1,32.2,21.1
2,27.9,32.2,20.6
2,2.3,33.9,22.2
2,0.0,32.2,21.7
2,0.0,33.9,21.7
2,10.7,35.0,20.6
2,0.0,31.7,21.7
2,0.0,33.9,21.1
2,0.0,33.9,22.2
2,0.0,35.6,27.8
2,18.5,33.9,22.2
2,5.3,33.3,21.7
2,34.8,33.9,21.7
2,90.7,33.3,20.0
2,0.0,33.3,20.0
2,0.0,33.3,22.2
2,0.0,33.3,22.2
2,0.0,33.9,22.2
2,3.0,33.3,22.2
2,0.0,33.3,20.0
2,0.0,33.3,20.0
2,10.2,32.2,22.2
2,10.2,31.1,22.2
3,19.8,26.7,22.2
3,38.4,32.2,21.7
3,4.6,32.2,21.1
3,40.1,32.2,20.0
3,24.9,31.7,21.7
3,0.0,32.8,22.2
3,0.0,32.2,21.7
3,9.7,32.8,22.8
3,0.0,32.8,21.1
3,0.0,32.8,20.6
3,11.9,31.7,21.1
3,5.8,31.7,21.1
3,35.8,30.6,21.1
3,20.1,31.7,21.7
3,0.0,32.8,21.7
3,10.2,31.7,21.7
3,3.6,31.1,22.2
3,25.4,30.0,20.6
3,5.8,32.2,21.1
3,0.0,32.2,21.7
3,0.0,32.8,21.7
3,0.0,30.6,22.2
3,0.0,28.9,21.1
3,0.0,29.4,21.7
3,0.0,,
3,31.8,28.9,20.6
3,0.0,28.9,22.8
3,10.2,28.9,20.6
3,0.0,28.9,21.7
3,0.0,28.9,21.1
3,0.0,34.4,23.3
3,0.0,34.4,22.2
3,22.4,34.4,21.7
3,24.4,33.3,22.2
3,5.3,31.7,22.8
3,0.0,34.4,22.8
3,30.7,34.4,21.7
3,5.8,34.4,21.7
3,0.0,34.4,23.9
3,4.1,33.3,22.8
3,0.0,33.9,22.2
3,0.0,34.4,23.3
3,0.0,34.4,22.8
3,0.0,35.0,21.7
3,0.0,34.4,23.9
3,0.0,34.4,21.7
3,2.0,33.9,23.3
3,33.0,33.3,22.2
3,0.0,33.3,23.9
3,7.4,34.4,23.9
3,0.0,34.4,22.2
3,5.8,34.4,22.2
3,6.9,32.8,23.3
3,7.6,33.9,22.2
3,2.3,34.4,22.8
3,79.8,31.7,21.7
3,0.0,32.2,22.8
3,0.0,31.7,22.2
3,0.0,32.8,20.6
3,0.0,32.8,21.1
3,5.1,32.8,21.7
3,0.0,33.3,22.2
3,0.0,33.9,21.7
3,2.3,30.6,21.1
3,0.0,31.7,21.7
3,0.0,33.3,22.2
3,0.0,34.4,22.2
3,0.0,35.0,22.2
3,15.2,32.8,21.7
3,8.6,32.8,20.6
3,22.9,33.3,22.2
3,0.0,32.8,22.8
3,0.0,31.7,22.8
3,0.0,31.7,21.7
3,0.0,32.2,20.0
3,0.0,34.4,21.1
3,92.5,33.3,21.1
3,13.5,31.7,21.7
3,17.5,32.2,21.7
3,4.8,31.7,22.8
3,0.0,31.7,22.8
3,5.8,31.7,21.1
3,0.0,32.8,19.4
3,0.0,31.1,21.7
3,10.2,27.8,22.8
3,67.8,25.0,22.2
3,33.5,26.1,21.1
3,0.0,32.2,22.2
3,0.0,30.0,20.0
3,1.5,31.1,21.1
3,0.0,31.7,20.6
3,0.0,32.2,20.0
2,0.0,32.8,21.1
2,0.0,31.1,21.7
2,0.0,31.7,21.1
2,0.0,32.2,21.7
2,0.0,32.2,20.6
2,0.0,32.2,21.1
2,5.1,30.6,21.7
2,0.0,30.6,21.7
2,0.0,30.6,21.7
2,0.0,30.0,17.8
2,0.0,31.1,16.7
2,0.0,31.1,16.7
2,0.0,30.0,16.1
2,0.0,30.0,16.1
2,0.0,29.4,18.3
2,0.0,30.6,18.3
2,0.0,32.2,18.9
2,0.0,32.2,18.9
2,0.0,33.3,21.1
2,0.0,31.7,21.1
2,0.0,31.7,21.1
2,0.0,32.2,20.0
2,0.0,30.6,19.4
2,0.0,23.9,15.6
2,0.0,27.8,13.3
2,0.0,27.8,12.8
2,0.0,27.2,10.0
2,0.0,28.9,12.8
2,0.0,30.0,12.8
2,0.0,30.0,17.2
2,0.0,30.6,16.1
2,0.0,31.1,17.8
2,31.8,25.6,20.0
2,0.0,25.6,14.4
2,0.0,26.7,13.9
2,0.0,28.9,17.8
2,0.0,30.0,19.4
2,0.0,28.9,17.2
2,0.0,28.3,16.7
2,0.0,29.4,16.7
2,0.0,28.9,17.8
2,0.0,28.3,18.3
2,0.0,27.2,16.7
2,0.0,22.2,5.0
2,0.0,26.1,7.2
2,0.0,25.6,15.0
2,0.0,25.6,15.0
2,0.0,30.0,19.4
2,0.0,31.1,17.2
2,0.0,27.8,20.0
2,0.0,27.8,20.0
2,0.0,30.0,20.6
2,0.0,29.4,20.6
2,0.0,29.4,15.0
2,0.0,22.2,16.7
2,0.0,25.0,15.6
2,2.3,28.3,18.9
2,7.6,23.9,12.8
2,0.0,18.9,2.2
2,0.0,22.2,10.0
2,0.0,24.4,11.7
0,0.0,24.4,15.0
0,0.0,21.7,14.4
0,0.0,25.6,14.4
0,0.0,28.3,15.0
0,0.0,28.9,15.6
0,0.0,30.0,17.2
0,0.0,28.9,15.0
0,0.0,29.4,16.7
0,0.0,30.0,16.1
0,0.0,30.0,13.9
0,0.0,28.3,16.1
0,0.0,23.3,16.7
0,0.0,25.0,9.4
0,0.0,29.4,16.1
0,8.6,23.9,17.8
0,0.0,19.4,11.1
0,0.0,,
0,0.0,23.3,5.6
0,0.0,25.0,5.0
0,0.0,28.9,12.2
0,0.0,30.6,18.3
0,0.0,27.2,11.1
0,0.0,26.1,10.0
0,0.0,27.8,7.8
0,0.0,29.4,9.4
0,0.0,29.4,10.0
0,0.0,30.0,11.1
0,0.0,29.4,10.6
0,0.0,25.0,10.0
0,0.0,18.3,14.4
0,0.0,20.0,13.9
1,0.0,28.3,8.3
1,0.0,29.4,12.8
1,0.0,30.6,14.4
1,0.0,30.0,13.9
1,0.0,30.0,12.8
1,0.0,31.1,13.9
1,0.0,31.7,16.1
1,32.3,28.9,20.0
1,0.0,26.7,12.2
1,0.0,26.7,9.4
1,0.0,28.3,9.4
1,0.0,29.4,17.2
1,0.0,30.0,15.0
1,0.0,31.1,18.9
1,0.0,30.0,17.2
1,0.0,25.0,12.2
1,0.0,27.2,16.7
1,25.4,26.7,18.9
1,0.0,23.3,18.3
1,0.0,24.4,16.1
1,0.0,22.8,16.1
1,0.0,25.6,11.7
1,0.0,28.3,12.2
1,0.0,30.6,12.2
1,0.0,30.6,14.4
1,0.0,31.7,15.0
1,0.0,33.3,15.0
1,0.0,33.9,18.3
1,0.0,32.8,20.0
1,0.0,33.3,21.1
2,7.6,32.2,19.4
2,30.5,27.8,18.3
2,21.6,23.9,17.8
2,0.0,28.3,12.2
2,0.0,31.1,12.8
2,0.0,31.7,14.4
2,0.0,32.2,16.7
2,0.0,32.8,19.4
2,0.0,32.2,20.0
2,0.0,32.8,20.6
2,0.0,32.2,21.7
2,0.0,31.7,20.0
2,0.0,32.2,20.6
2,2.8,32.8,21.7
2,5.6,30.6,21.7
2,0.0,27.2,16.7
2,0.0,28.9,12.2
2,0.0,29.4,15.0
2,0.0,30.6,13.3
2,0.0,31.1,16.1
2,0.0,31.1,16.1
2,0.0,33.9,15.6
2,0.0,34.4,16.1
2,0.0,34.4,18.9
2,0.0,35.6,20.0
2,2.0,34.4,20.6
2,3.3,32.2,18.9
2,32.8,33.9,20.0
2,27.2,33.9,20.0
2,36.6,31.7,12.8
2,0.0,29.4,11.7
3,17.8,29.4,21.1
3,0.0,31.7,22.2
3,0.0,30.0,20.6
3,0.0,31.1,18.3
3,0.0,32.8,18.9
3,0.0,32.8,19.4
3,0.0,33.3,20.0
3,0.0,33.3,20.6
3,55.6,33.9,20.0
3,0.0,33.3,20.6
3,6.4,33.9,21.1
3,12.7,31.7,20.0
3,3.0,30.6,21.1
3,7.6,32.2,21.1
3,15.2,33.9,20.0
3,0.0,32.8,20.0
3,2.0,32.2,20.0
3,10.2,31.7,20.0
3,0.0,32.2,20.6
3,0.0,32.2,20.0
3,0.0,33.3,21.7
3,0.0,32.8,21.7
3,0.0,32.8,21.7
3,0.0,34.4,20.0
3,0.0,34.4,22.2
3,0.0,35.6,21.1
3,5.6,35.0,21.1
3,0.0,35.0,20.6
3,2.8,35.6,21.7
3,15.2,35.0,22.2
3,0.0,34.4,22.2
3,0.0,34.4,21.1
3,0.0,33.9,23.3
3,4.1,31.7,21.7
3,1.5,34.4,22.2
3,11.7,32.8,21.7
3,0.0,30.6,21.1
3,0.0,32.8,21.1
3,0.0,32.8,20.6
3,0.0,33.3,21.1
3,13.7,32.2,21.1
